index,Run ID,Meta-level Policy,Pretrained Percentile,Number of Steps,Return,gpus,pretrained_runs_folder,pretrained_run,max_tree_size,n_envs,n_episodes,max_steps,no_video,video_fps,video_steps,Normalized Return,Environment
389,,$\hat{Q}^*$,0.9,109.5,15.5,,runs,run-16823527592836354,64,16.0,20.0,500.0,True,1.0,120.0,0.37349397590361444,BigFish
298,,$\hat{Q}^*$,0.75,117.75,13.25,,runs,run-16823527592836354,64,16.0,20.0,500.0,True,1.0,120.0,0.3192771084337349,BigFish
297,,$\hat{Q}^*$,0.75,55.0,4.5,,runs,run-16823527592836354,64,16.0,20.0,500.0,True,1.0,120.0,0.10843373493975904,BigFish
296,,$\hat{Q}^*$,0.75,79.25,13.5,,runs,run-16823527592836354,64,16.0,20.0,500.0,True,1.0,120.0,0.3253012048192771,BigFish
295,,$\hat{Q}^*$,0.75,61.0,10.0,,runs,run-16823527592836354,64,16.0,20.0,500.0,True,1.0,120.0,0.24096385542168675,BigFish
294,,$\hat{Q}^*$,0.75,46.25,10.0,,runs,run-16823527592836354,64,16.0,20.0,500.0,True,1.0,120.0,0.24096385542168675,BigFish
293,,$\hat{Q}^*$,0.75,125.0,15.5,,runs,run-16823527592836354,64,16.0,20.0,500.0,True,1.0,120.0,0.37349397590361444,BigFish
292,,$\hat{Q}^*$,0.75,27.75,2.5,,runs,run-16823527592836354,64,16.0,20.0,500.0,True,1.0,120.0,0.060240963855421686,BigFish
291,,$\hat{Q}^*$,0.75,34.5,2.0,,runs,run-16823527592836354,64,16.0,20.0,500.0,True,1.0,120.0,0.04819277108433735,BigFish
290,,$\hat{Q}^*$,0.75,59.5,10.0,,runs,run-16823527592836354,64,16.0,20.0,500.0,True,1.0,120.0,0.24096385542168675,BigFish
289,,$\hat{Q}^*$,0.75,125.0,15.5,,runs,run-16823527592836354,64,16.0,20.0,500.0,True,1.0,120.0,0.37349397590361444,BigFish
288,,$\hat{Q}^*$,0.75,125.0,10.75,,runs,run-16823527592836354,64,16.0,20.0,500.0,True,1.0,120.0,0.25903614457831325,BigFish
287,,$\hat{Q}^*$,0.75,13.75,1.0,,runs,run-16823527592836354,64,16.0,20.0,500.0,True,1.0,120.0,0.024096385542168676,BigFish
286,,$\hat{Q}^*$,0.75,44.5,10.0,,runs,run-16823527592836354,64,16.0,20.0,500.0,True,1.0,120.0,0.24096385542168675,BigFish
285,,$\hat{Q}^*$,0.75,75.25,11.5,,runs,run-16823527592836354,64,16.0,20.0,500.0,True,1.0,120.0,0.27710843373493976,BigFish
284,,$\hat{Q}^*$,0.75,29.75,2.5,,runs,run-16823527592836354,64,16.0,20.0,500.0,True,1.0,120.0,0.060240963855421686,BigFish
283,,$\hat{Q}^*$,0.75,25.5,2.25,,runs,run-16823527592836354,64,16.0,20.0,500.0,True,1.0,120.0,0.05421686746987952,BigFish
282,,$\hat{Q}^*$,0.75,32.75,4.0,,runs,run-16823527592836354,64,16.0,20.0,500.0,True,1.0,120.0,0.0963855421686747,BigFish
281,,$\hat{Q}^*$,0.75,125.0,22.75,,runs,run-16823527592836354,64,16.0,20.0,500.0,True,1.0,120.0,0.5481927710843374,BigFish
280,,$\hat{Q}^*$,0.75,125.0,17.75,,runs,run-16823527592836354,64,16.0,20.0,500.0,True,1.0,120.0,0.42771084337349397,BigFish
279,,$\hat{Q}^*$,0.75,17.0,1.0,,runs,run-16823527592836354,64,16.0,20.0,500.0,True,1.0,120.0,0.024096385542168676,BigFish
278,,$\hat{Q}^*$,0.75,125.0,17.0,,runs,run-16823527592836354,64,16.0,20.0,500.0,True,1.0,120.0,0.40963855421686746,BigFish
277,,$\hat{Q}^*$,0.75,18.0,2.25,,runs,run-16823527592836354,64,16.0,20.0,500.0,True,1.0,120.0,0.05421686746987952,BigFish
276,,$\hat{Q}^*$,0.75,43.75,10.0,,runs,run-16823527592836354,64,16.0,20.0,500.0,True,1.0,120.0,0.24096385542168675,BigFish
299,,$\hat{Q}^*$,0.75,99.25,12.75,,runs,run-16823527592836354,64,16.0,20.0,500.0,True,1.0,120.0,0.3072289156626506,BigFish
275,,$\hat{Q}^*$,0.75,25.25,0.75,,runs,run-16823527592836354,64,16.0,20.0,500.0,True,1.0,120.0,0.018072289156626505,BigFish
300,,$\hat{Q}^*$,0.75,125.0,14.25,,runs,run-16823527592836354,64,16.0,20.0,500.0,True,1.0,120.0,0.3433734939759036,BigFish
302,,$\hat{Q}^*$,0.75,42.0,3.5,,runs,run-16823527592836354,64,16.0,20.0,500.0,True,1.0,120.0,0.08433734939759036,BigFish
325,,$\hat{Q}^*$,0.9,10.75,0.25,,runs,run-16823527592836354,64,16.0,20.0,500.0,True,1.0,120.0,0.006024096385542169,BigFish
324,,$\hat{Q}^*$,0.9,73.25,12.25,,runs,run-16823527592836354,64,16.0,20.0,500.0,True,1.0,120.0,0.29518072289156627,BigFish
323,,$\hat{Q}^*$,0.9,25.75,3.75,,runs,run-16823527592836354,64,16.0,20.0,500.0,True,1.0,120.0,0.09036144578313253,BigFish
322,,$\hat{Q}^*$,0.9,8.5,0.25,,runs,run-16823527592836354,64,16.0,20.0,500.0,True,1.0,120.0,0.006024096385542169,BigFish
321,,$\hat{Q}^*$,0.9,14.25,1.5,,runs,run-16823527592836354,64,16.0,20.0,500.0,True,1.0,120.0,0.03614457831325301,BigFish
320,,$\hat{Q}^*$,0.9,46.75,10.0,,runs,run-16823527592836354,64,16.0,20.0,500.0,True,1.0,120.0,0.24096385542168675,BigFish
319,,$\hat{Q}^*$,0.9,44.25,10.0,,runs,run-16823527592836354,64,16.0,20.0,500.0,True,1.0,120.0,0.24096385542168675,BigFish
318,,$\hat{Q}^*$,0.9,13.75,0.25,,runs,run-16823527592836354,64,16.0,20.0,500.0,True,1.0,120.0,0.006024096385542169,BigFish
317,,$\hat{Q}^*$,0.9,4.0,0.5,,runs,run-16823527592836354,64,16.0,20.0,500.0,True,1.0,120.0,0.012048192771084338,BigFish
316,,$\hat{Q}^*$,0.75,91.75,12.25,,runs,run-16823527592836354,64,16.0,20.0,500.0,True,1.0,120.0,0.29518072289156627,BigFish
315,,$\hat{Q}^*$,0.75,29.0,4.0,,runs,run-16823527592836354,64,16.0,20.0,500.0,True,1.0,120.0,0.0963855421686747,BigFish
314,,$\hat{Q}^*$,0.75,118.0,11.5,,runs,run-16823527592836354,64,16.0,20.0,500.0,True,1.0,120.0,0.27710843373493976,BigFish
313,,$\hat{Q}^*$,0.75,93.25,11.5,,runs,run-16823527592836354,64,16.0,20.0,500.0,True,1.0,120.0,0.27710843373493976,BigFish
312,,$\hat{Q}^*$,0.75,39.25,4.5,,runs,run-16823527592836354,64,16.0,20.0,500.0,True,1.0,120.0,0.10843373493975904,BigFish
311,,$\hat{Q}^*$,0.75,71.0,10.5,,runs,run-16823527592836354,64,16.0,20.0,500.0,True,1.0,120.0,0.25301204819277107,BigFish
310,,$\hat{Q}^*$,0.75,99.25,16.75,,runs,run-16823527592836354,64,16.0,20.0,500.0,True,1.0,120.0,0.4036144578313253,BigFish
309,,$\hat{Q}^*$,0.75,93.0,15.5,,runs,run-16823527592836354,64,16.0,20.0,500.0,True,1.0,120.0,0.37349397590361444,BigFish
308,,$\hat{Q}^*$,0.75,25.5,1.25,,runs,run-16823527592836354,64,16.0,20.0,500.0,True,1.0,120.0,0.030120481927710843,BigFish
307,,$\hat{Q}^*$,0.75,105.5,16.75,,runs,run-16823527592836354,64,16.0,20.0,500.0,True,1.0,120.0,0.4036144578313253,BigFish
306,,$\hat{Q}^*$,0.75,11.25,1.0,,runs,run-16823527592836354,64,16.0,20.0,500.0,True,1.0,120.0,0.024096385542168676,BigFish
305,,$\hat{Q}^*$,0.75,18.0,1.75,,runs,run-16823527592836354,64,16.0,20.0,500.0,True,1.0,120.0,0.04216867469879518,BigFish
304,,$\hat{Q}^*$,0.75,34.5,2.0,,runs,run-16823527592836354,64,16.0,20.0,500.0,True,1.0,120.0,0.04819277108433735,BigFish
303,,$\hat{Q}^*$,0.75,125.0,16.75,,runs,run-16823527592836354,64,16.0,20.0,500.0,True,1.0,120.0,0.4036144578313253,BigFish
301,,$\hat{Q}^*$,0.75,66.0,10.0,,runs,run-16823527592836354,64,16.0,20.0,500.0,True,1.0,120.0,0.24096385542168675,BigFish
274,,$\hat{Q}^*$,0.75,9.25,1.0,,runs,run-16823527592836354,64,16.0,20.0,500.0,True,1.0,120.0,0.024096385542168676,BigFish
273,,$\hat{Q}^*$,0.75,11.75,0.75,,runs,run-16823527592836354,64,16.0,20.0,500.0,True,1.0,120.0,0.018072289156626505,BigFish
272,,$\hat{Q}^*$,0.75,125.0,15.5,,runs,run-16823527592836354,64,16.0,20.0,500.0,True,1.0,120.0,0.37349397590361444,BigFish
242,,$\hat{Q}^*$,0.75,41.75,5.0,,runs,run-16823527592836354,64,16.0,20.0,500.0,True,1.0,120.0,0.12048192771084337,BigFish
241,,$\hat{Q}^*$,0.75,69.0,10.0,,runs,run-16823527592836354,64,16.0,20.0,500.0,True,1.0,120.0,0.24096385542168675,BigFish
240,,$\hat{Q}^*$,0.75,102.0,12.0,,runs,run-16823527592836354,64,16.0,20.0,500.0,True,1.0,120.0,0.2891566265060241,BigFish
239,,$\hat{Q}^*$,0.75,40.0,4.0,,runs,run-16823527592836354,64,16.0,20.0,500.0,True,1.0,120.0,0.0963855421686747,BigFish
238,,$\hat{Q}^*$,0.75,42.5,4.25,,runs,run-16823527592836354,64,16.0,20.0,500.0,True,1.0,120.0,0.10240963855421686,BigFish
237,,$\hat{Q}^*$,0.75,8.25,1.25,,runs,run-16823527592836354,64,16.0,20.0,500.0,True,1.0,120.0,0.030120481927710843,BigFish
236,,$\hat{Q}^*$,0.75,125.0,21.5,,runs,run-16823527592836354,64,16.0,20.0,500.0,True,1.0,120.0,0.5180722891566265,BigFish
235,,$\hat{Q}^*$,0.75,68.0,10.0,,runs,run-16823527592836354,64,16.0,20.0,500.0,True,1.0,120.0,0.24096385542168675,BigFish
234,,$\hat{Q}^*$,0.75,125.0,14.25,,runs,run-16823527592836354,64,16.0,20.0,500.0,True,1.0,120.0,0.3433734939759036,BigFish
233,,$\hat{Q}^*$,0.75,75.0,10.0,,runs,run-16823527592836354,64,16.0,20.0,500.0,True,1.0,120.0,0.24096385542168675,BigFish
232,,$\hat{Q}^*$,0.75,37.5,2.5,,runs,run-16823527592836354,64,16.0,20.0,500.0,True,1.0,120.0,0.060240963855421686,BigFish
231,,$\hat{Q}^*$,0.75,25.5,2.75,,runs,run-16823527592836354,64,16.0,20.0,500.0,True,1.0,120.0,0.06626506024096386,BigFish
230,,$\hat{Q}^*$,0.75,12.25,1.25,,runs,run-16823527592836354,64,16.0,20.0,500.0,True,1.0,120.0,0.030120481927710843,BigFish
229,,$\hat{Q}^*$,0.75,75.75,4.25,,runs,run-16823527592836354,64,16.0,20.0,500.0,True,1.0,120.0,0.10240963855421686,BigFish
228,,$\hat{Q}^*$,0.75,11.25,0.5,,runs,run-16823527592836354,64,16.0,20.0,500.0,True,1.0,120.0,0.012048192771084338,BigFish
227,,$\hat{Q}^*$,0.75,71.25,4.75,,runs,run-16823527592836354,64,16.0,20.0,500.0,True,1.0,120.0,0.1144578313253012,BigFish
226,,$\hat{Q}^*$,0.75,19.5,1.5,,runs,run-16823527592836354,64,16.0,20.0,500.0,True,1.0,120.0,0.03614457831325301,BigFish
225,,$\hat{Q}^*$,0.75,6.25,0.75,,runs,run-16823527592836354,64,16.0,20.0,500.0,True,1.0,120.0,0.018072289156626505,BigFish
224,,$\hat{Q}^*$,0.75,58.5,10.0,,runs,run-16823527592836354,64,16.0,20.0,500.0,True,1.0,120.0,0.24096385542168675,BigFish
223,,$\hat{Q}^*$,0.75,36.75,3.5,,runs,run-16823527592836354,64,16.0,20.0,500.0,True,1.0,120.0,0.08433734939759036,BigFish
222,,$\hat{Q}^*$,0.75,48.5,5.0,,runs,run-16823527592836354,64,16.0,20.0,500.0,True,1.0,120.0,0.12048192771084337,BigFish
221,,$\hat{Q}^*$,0.75,47.75,6.75,,runs,run-16823527592836354,64,16.0,20.0,500.0,True,1.0,120.0,0.16265060240963855,BigFish
220,,$\hat{Q}^*$,0.75,23.5,2.0,,runs,run-16823527592836354,64,16.0,20.0,500.0,True,1.0,120.0,0.04819277108433735,BigFish
243,,$\hat{Q}^*$,0.75,125.0,12.5,,runs,run-16823527592836354,64,16.0,20.0,500.0,True,1.0,120.0,0.30120481927710846,BigFish
244,,$\hat{Q}^*$,0.75,125.0,22.5,,runs,run-16823527592836354,64,16.0,20.0,500.0,True,1.0,120.0,0.5421686746987951,BigFish
245,,$\hat{Q}^*$,0.75,27.25,1.75,,runs,run-16823527592836354,64,16.0,20.0,500.0,True,1.0,120.0,0.04216867469879518,BigFish
246,,$\hat{Q}^*$,0.75,4.5,0.0,,runs,run-16823527592836354,64,16.0,20.0,500.0,True,1.0,120.0,0.0,BigFish
270,,$\hat{Q}^*$,0.75,22.25,2.25,,runs,run-16823527592836354,64,16.0,20.0,500.0,True,1.0,120.0,0.05421686746987952,BigFish
269,,$\hat{Q}^*$,0.75,26.0,1.75,,runs,run-16823527592836354,64,16.0,20.0,500.0,True,1.0,120.0,0.04216867469879518,BigFish
268,,$\hat{Q}^*$,0.75,31.5,4.25,,runs,run-16823527592836354,64,16.0,20.0,500.0,True,1.0,120.0,0.10240963855421686,BigFish
267,,$\hat{Q}^*$,0.75,35.5,4.25,,runs,run-16823527592836354,64,16.0,20.0,500.0,True,1.0,120.0,0.10240963855421686,BigFish
266,,$\hat{Q}^*$,0.75,24.25,1.75,,runs,run-16823527592836354,64,16.0,20.0,500.0,True,1.0,120.0,0.04216867469879518,BigFish
265,,$\hat{Q}^*$,0.75,63.0,10.0,,runs,run-16823527592836354,64,16.0,20.0,500.0,True,1.0,120.0,0.24096385542168675,BigFish
264,,$\hat{Q}^*$,0.75,63.0,7.0,,runs,run-16823527592836354,64,16.0,20.0,500.0,True,1.0,120.0,0.1686746987951807,BigFish
263,,$\hat{Q}^*$,0.75,69.5,11.75,,runs,run-16823527592836354,64,16.0,20.0,500.0,True,1.0,120.0,0.28313253012048195,BigFish
262,,$\hat{Q}^*$,0.75,9.0,0.75,,runs,run-16823527592836354,64,16.0,20.0,500.0,True,1.0,120.0,0.018072289156626505,BigFish
261,,$\hat{Q}^*$,0.75,125.0,14.5,,runs,run-16823527592836354,64,16.0,20.0,500.0,True,1.0,120.0,0.3493975903614458,BigFish
260,,$\hat{Q}^*$,0.75,21.25,2.0,,runs,run-16823527592836354,64,16.0,20.0,500.0,True,1.0,120.0,0.04819277108433735,BigFish
326,,$\hat{Q}^*$,0.9,26.5,1.5,,runs,run-16823527592836354,64,16.0,20.0,500.0,True,1.0,120.0,0.03614457831325301,BigFish
259,,$\hat{Q}^*$,0.75,90.25,12.25,,runs,run-16823527592836354,64,16.0,20.0,500.0,True,1.0,120.0,0.29518072289156627,BigFish
257,,$\hat{Q}^*$,0.75,103.0,13.25,,runs,run-16823527592836354,64,16.0,20.0,500.0,True,1.0,120.0,0.3192771084337349,BigFish
256,,$\hat{Q}^*$,0.75,5.5,0.25,,runs,run-16823527592836354,64,16.0,20.0,500.0,True,1.0,120.0,0.006024096385542169,BigFish
255,,$\hat{Q}^*$,0.75,2.25,0.25,,runs,run-16823527592836354,64,16.0,20.0,500.0,True,1.0,120.0,0.006024096385542169,BigFish
254,,$\hat{Q}^*$,0.75,50.0,5.0,,runs,run-16823527592836354,64,16.0,20.0,500.0,True,1.0,120.0,0.12048192771084337,BigFish
253,,$\hat{Q}^*$,0.75,3.0,0.25,,runs,run-16823527592836354,64,16.0,20.0,500.0,True,1.0,120.0,0.006024096385542169,BigFish
252,,$\hat{Q}^*$,0.75,4.25,0.25,,runs,run-16823527592836354,64,16.0,20.0,500.0,True,1.0,120.0,0.006024096385542169,BigFish
251,,$\hat{Q}^*$,0.75,71.75,8.75,,runs,run-16823527592836354,64,16.0,20.0,500.0,True,1.0,120.0,0.21084337349397592,BigFish
250,,$\hat{Q}^*$,0.75,10.0,0.5,,runs,run-16823527592836354,64,16.0,20.0,500.0,True,1.0,120.0,0.012048192771084338,BigFish
249,,$\hat{Q}^*$,0.75,125.0,11.0,,runs,run-16823527592836354,64,16.0,20.0,500.0,True,1.0,120.0,0.26506024096385544,BigFish
248,,$\hat{Q}^*$,0.75,3.25,0.5,,runs,run-16823527592836354,64,16.0,20.0,500.0,True,1.0,120.0,0.012048192771084338,BigFish
247,,$\hat{Q}^*$,0.75,6.5,0.25,,runs,run-16823527592836354,64,16.0,20.0,500.0,True,1.0,120.0,0.006024096385542169,BigFish
258,,$\hat{Q}^*$,0.75,125.0,18.25,,runs,run-16823527592836354,64,16.0,20.0,500.0,True,1.0,120.0,0.4397590361445783,BigFish
327,,$\hat{Q}^*$,0.9,50.25,10.0,,runs,run-16823527592836354,64,16.0,20.0,500.0,True,1.0,120.0,0.24096385542168675,BigFish
328,,$\hat{Q}^*$,0.9,125.0,16.75,,runs,run-16823527592836354,64,16.0,20.0,500.0,True,1.0,120.0,0.4036144578313253,BigFish
329,,$\hat{Q}^*$,0.9,125.0,20.75,,runs,run-16823527592836354,64,16.0,20.0,500.0,True,1.0,120.0,0.5,BigFish
408,,$\hat{Q}^*$,0.9,43.25,10.0,,runs,run-16823527592836354,64,16.0,20.0,500.0,True,1.0,120.0,0.24096385542168675,BigFish
407,,$\hat{Q}^*$,0.9,14.25,1.25,,runs,run-16823527592836354,64,16.0,20.0,500.0,True,1.0,120.0,0.030120481927710843,BigFish
406,,$\hat{Q}^*$,0.9,77.25,5.25,,runs,run-16823527592836354,64,16.0,20.0,500.0,True,1.0,120.0,0.12650602409638553,BigFish
405,,$\hat{Q}^*$,0.9,125.0,17.25,,runs,run-16823527592836354,64,16.0,20.0,500.0,True,1.0,120.0,0.41566265060240964,BigFish
404,,$\hat{Q}^*$,0.9,93.5,12.0,,runs,run-16823527592836354,64,16.0,20.0,500.0,True,1.0,120.0,0.2891566265060241,BigFish
403,,$\hat{Q}^*$,0.9,72.75,10.25,,runs,run-16823527592836354,64,16.0,20.0,500.0,True,1.0,120.0,0.2469879518072289,BigFish
402,,$\hat{Q}^*$,0.9,54.0,10.0,,runs,run-16823527592836354,64,16.0,20.0,500.0,True,1.0,120.0,0.24096385542168675,BigFish
401,,$\hat{Q}^*$,0.9,107.75,20.5,,runs,run-16823527592836354,64,16.0,20.0,500.0,True,1.0,120.0,0.4939759036144578,BigFish
400,,$\hat{Q}^*$,0.9,68.5,11.75,,runs,run-16823527592836354,64,16.0,20.0,500.0,True,1.0,120.0,0.28313253012048195,BigFish
399,,$\hat{Q}^*$,0.9,20.25,1.5,,runs,run-16823527592836354,64,16.0,20.0,500.0,True,1.0,120.0,0.03614457831325301,BigFish
398,,$\hat{Q}^*$,0.9,12.5,1.0,,runs,run-16823527592836354,64,16.0,20.0,500.0,True,1.0,120.0,0.024096385542168676,BigFish
397,,$\hat{Q}^*$,0.9,12.5,1.5,,runs,run-16823527592836354,64,16.0,20.0,500.0,True,1.0,120.0,0.03614457831325301,BigFish
396,,$\hat{Q}^*$,0.9,44.0,5.5,,runs,run-16823527592836354,64,16.0,20.0,500.0,True,1.0,120.0,0.13253012048192772,BigFish
395,,$\hat{Q}^*$,0.9,120.25,17.75,,runs,run-16823527592836354,64,16.0,20.0,500.0,True,1.0,120.0,0.42771084337349397,BigFish
394,,$\hat{Q}^*$,0.9,44.25,10.0,,runs,run-16823527592836354,64,16.0,20.0,500.0,True,1.0,120.0,0.24096385542168675,BigFish
393,,$\hat{Q}^*$,0.9,125.0,14.25,,runs,run-16823527592836354,64,16.0,20.0,500.0,True,1.0,120.0,0.3433734939759036,BigFish
392,,$\hat{Q}^*$,0.9,125.0,17.0,,runs,run-16823527592836354,64,16.0,20.0,500.0,True,1.0,120.0,0.40963855421686746,BigFish
391,,$\hat{Q}^*$,0.9,17.5,1.5,,runs,run-16823527592836354,64,16.0,20.0,500.0,True,1.0,120.0,0.03614457831325301,BigFish
390,,$\hat{Q}^*$,0.9,26.0,1.25,,runs,run-16823527592836354,64,16.0,20.0,500.0,True,1.0,120.0,0.030120481927710843,BigFish
388,,$\hat{Q}^*$,0.9,125.0,22.25,,runs,run-16823527592836354,64,16.0,20.0,500.0,True,1.0,120.0,0.536144578313253,BigFish
387,,$\hat{Q}^*$,0.9,55.0,6.25,,runs,run-16823527592836354,64,16.0,20.0,500.0,True,1.0,120.0,0.15060240963855423,BigFish
386,,$\hat{Q}^*$,0.9,125.0,19.5,,runs,run-16823527592836354,64,16.0,20.0,500.0,True,1.0,120.0,0.46987951807228917,BigFish
385,,$\hat{Q}^*$,0.9,54.75,7.25,,runs,run-16823527592836354,64,16.0,20.0,500.0,True,1.0,120.0,0.1746987951807229,BigFish
409,,$\hat{Q}^*$,0.9,36.5,7.0,,runs,run-16823527592836354,64,16.0,20.0,500.0,True,1.0,120.0,0.1686746987951807,BigFish
410,,$\hat{Q}^*$,0.9,79.5,14.75,,runs,run-16823527592836354,64,16.0,20.0,500.0,True,1.0,120.0,0.35542168674698793,BigFish
411,,$\hat{Q}^*$,0.9,104.0,16.75,,runs,run-16823527592836354,64,16.0,20.0,500.0,True,1.0,120.0,0.4036144578313253,BigFish
412,,$\hat{Q}^*$,0.9,14.0,0.75,,runs,run-16823527592836354,64,16.0,20.0,500.0,True,1.0,120.0,0.018072289156626505,BigFish
384,,$\hat{Q}^*$,0.9,34.75,10.0,,runs,run-16823527592836354,64,16.0,20.0,500.0,True,1.0,120.0,0.24096385542168675,BigFish
416,,$\hat{Q}^*$,0.9,101.0,21.0,,runs,run-16823527592836354,64,16.0,20.0,500.0,True,1.0,120.0,0.5060240963855421,BigFish
415,,$\hat{Q}^*$,0.9,51.5,5.75,,runs,run-16823527592836354,64,16.0,20.0,500.0,True,1.0,120.0,0.13855421686746988,BigFish
414,,$\hat{Q}^*$,0.9,15.5,2.5,,runs,run-16823527592836354,64,16.0,20.0,500.0,True,1.0,120.0,0.060240963855421686,BigFish
413,,$\hat{Q}^*$,0.9,125.0,27.25,,runs,run-16823527592836354,64,16.0,20.0,500.0,True,1.0,120.0,0.6566265060240963,BigFish
219,,$\hat{Q}^*$,0.75,12.25,1.25,,runs,run-16823527592836354,64,16.0,20.0,500.0,True,1.0,120.0,0.030120481927710843,BigFish
383,,$\hat{Q}^*$,0.9,21.0,0.75,,runs,run-16823527592836354,64,16.0,20.0,500.0,True,1.0,120.0,0.018072289156626505,BigFish
381,,$\hat{Q}^*$,0.9,125.0,17.5,,runs,run-16823527592836354,64,16.0,20.0,500.0,True,1.0,120.0,0.42168674698795183,BigFish
352,,$\hat{Q}^*$,0.9,106.75,11.5,,runs,run-16823527592836354,64,16.0,20.0,500.0,True,1.0,120.0,0.27710843373493976,BigFish
351,,$\hat{Q}^*$,0.9,98.0,21.0,,runs,run-16823527592836354,64,16.0,20.0,500.0,True,1.0,120.0,0.5060240963855421,BigFish
350,,$\hat{Q}^*$,0.9,67.75,14.5,,runs,run-16823527592836354,64,16.0,20.0,500.0,True,1.0,120.0,0.3493975903614458,BigFish
349,,$\hat{Q}^*$,0.9,2.75,0.25,,runs,run-16823527592836354,64,16.0,20.0,500.0,True,1.0,120.0,0.006024096385542169,BigFish
348,,$\hat{Q}^*$,0.9,79.25,11.75,,runs,run-16823527592836354,64,16.0,20.0,500.0,True,1.0,120.0,0.28313253012048195,BigFish
347,,$\hat{Q}^*$,0.9,20.25,3.0,,runs,run-16823527592836354,64,16.0,20.0,500.0,True,1.0,120.0,0.07228915662650602,BigFish
346,,$\hat{Q}^*$,0.9,74.5,11.5,,runs,run-16823527592836354,64,16.0,20.0,500.0,True,1.0,120.0,0.27710843373493976,BigFish
345,,$\hat{Q}^*$,0.9,4.25,0.25,,runs,run-16823527592836354,64,16.0,20.0,500.0,True,1.0,120.0,0.006024096385542169,BigFish
344,,$\hat{Q}^*$,0.9,46.25,4.0,,runs,run-16823527592836354,64,16.0,20.0,500.0,True,1.0,120.0,0.0963855421686747,BigFish
343,,$\hat{Q}^*$,0.9,28.0,3.75,,runs,run-16823527592836354,64,16.0,20.0,500.0,True,1.0,120.0,0.09036144578313253,BigFish
342,,$\hat{Q}^*$,0.9,55.25,10.0,,runs,run-16823527592836354,64,16.0,20.0,500.0,True,1.0,120.0,0.24096385542168675,BigFish
341,,$\hat{Q}^*$,0.9,43.25,7.0,,runs,run-16823527592836354,64,16.0,20.0,500.0,True,1.0,120.0,0.1686746987951807,BigFish
340,,$\hat{Q}^*$,0.9,14.25,2.0,,runs,run-16823527592836354,64,16.0,20.0,500.0,True,1.0,120.0,0.04819277108433735,BigFish
339,,$\hat{Q}^*$,0.9,10.75,0.5,,runs,run-16823527592836354,64,16.0,20.0,500.0,True,1.0,120.0,0.012048192771084338,BigFish
338,,$\hat{Q}^*$,0.9,82.0,12.0,,runs,run-16823527592836354,64,16.0,20.0,500.0,True,1.0,120.0,0.2891566265060241,BigFish
337,,$\hat{Q}^*$,0.9,6.25,1.0,,runs,run-16823527592836354,64,16.0,20.0,500.0,True,1.0,120.0,0.024096385542168676,BigFish
336,,$\hat{Q}^*$,0.9,39.5,10.0,,runs,run-16823527592836354,64,16.0,20.0,500.0,True,1.0,120.0,0.24096385542168675,BigFish
335,,$\hat{Q}^*$,0.9,21.5,3.0,,runs,run-16823527592836354,64,16.0,20.0,500.0,True,1.0,120.0,0.07228915662650602,BigFish
334,,$\hat{Q}^*$,0.9,19.25,1.0,,runs,run-16823527592836354,64,16.0,20.0,500.0,True,1.0,120.0,0.024096385542168676,BigFish
333,,$\hat{Q}^*$,0.9,125.0,14.25,,runs,run-16823527592836354,64,16.0,20.0,500.0,True,1.0,120.0,0.3433734939759036,BigFish
332,,$\hat{Q}^*$,0.9,7.0,1.0,,runs,run-16823527592836354,64,16.0,20.0,500.0,True,1.0,120.0,0.024096385542168676,BigFish
331,,$\hat{Q}^*$,0.9,125.0,22.0,,runs,run-16823527592836354,64,16.0,20.0,500.0,True,1.0,120.0,0.5301204819277109,BigFish
330,,$\hat{Q}^*$,0.9,125.0,22.75,,runs,run-16823527592836354,64,16.0,20.0,500.0,True,1.0,120.0,0.5481927710843374,BigFish
353,,$\hat{Q}^*$,0.9,29.0,5.0,,runs,run-16823527592836354,64,16.0,20.0,500.0,True,1.0,120.0,0.12048192771084337,BigFish
354,,$\hat{Q}^*$,0.9,21.5,2.0,,runs,run-16823527592836354,64,16.0,20.0,500.0,True,1.0,120.0,0.04819277108433735,BigFish
355,,$\hat{Q}^*$,0.9,33.5,4.5,,runs,run-16823527592836354,64,16.0,20.0,500.0,True,1.0,120.0,0.10843373493975904,BigFish
356,,$\hat{Q}^*$,0.9,83.5,12.0,,runs,run-16823527592836354,64,16.0,20.0,500.0,True,1.0,120.0,0.2891566265060241,BigFish
380,,$\hat{Q}^*$,0.9,125.0,16.0,,runs,run-16823527592836354,64,16.0,20.0,500.0,True,1.0,120.0,0.3855421686746988,BigFish
379,,$\hat{Q}^*$,0.9,82.0,12.5,,runs,run-16823527592836354,64,16.0,20.0,500.0,True,1.0,120.0,0.30120481927710846,BigFish
378,,$\hat{Q}^*$,0.9,125.0,21.0,,runs,run-16823527592836354,64,16.0,20.0,500.0,True,1.0,120.0,0.5060240963855421,BigFish
377,,$\hat{Q}^*$,0.9,11.0,0.0,,runs,run-16823527592836354,64,16.0,20.0,500.0,True,1.0,120.0,0.0,BigFish
376,,$\hat{Q}^*$,0.9,73.5,10.75,,runs,run-16823527592836354,64,16.0,20.0,500.0,True,1.0,120.0,0.25903614457831325,BigFish
375,,$\hat{Q}^*$,0.9,38.0,10.0,,runs,run-16823527592836354,64,16.0,20.0,500.0,True,1.0,120.0,0.24096385542168675,BigFish
374,,$\hat{Q}^*$,0.9,30.75,5.5,,runs,run-16823527592836354,64,16.0,20.0,500.0,True,1.0,120.0,0.13253012048192772,BigFish
373,,$\hat{Q}^*$,0.9,125.0,19.5,,runs,run-16823527592836354,64,16.0,20.0,500.0,True,1.0,120.0,0.46987951807228917,BigFish
372,,$\hat{Q}^*$,0.9,69.5,9.75,,runs,run-16823527592836354,64,16.0,20.0,500.0,True,1.0,120.0,0.23493975903614459,BigFish
371,,$\hat{Q}^*$,0.9,125.0,20.25,,runs,run-16823527592836354,64,16.0,20.0,500.0,True,1.0,120.0,0.4879518072289157,BigFish
370,,$\hat{Q}^*$,0.9,24.0,2.5,,runs,run-16823527592836354,64,16.0,20.0,500.0,True,1.0,120.0,0.060240963855421686,BigFish
382,,$\hat{Q}^*$,0.9,16.0,0.75,,runs,run-16823527592836354,64,16.0,20.0,500.0,True,1.0,120.0,0.018072289156626505,BigFish
369,,$\hat{Q}^*$,0.9,57.75,11.75,,runs,run-16823527592836354,64,16.0,20.0,500.0,True,1.0,120.0,0.28313253012048195,BigFish
367,,$\hat{Q}^*$,0.9,40.5,3.25,,runs,run-16823527592836354,64,16.0,20.0,500.0,True,1.0,120.0,0.0783132530120482,BigFish
366,,$\hat{Q}^*$,0.9,7.5,0.5,,runs,run-16823527592836354,64,16.0,20.0,500.0,True,1.0,120.0,0.012048192771084338,BigFish
365,,$\hat{Q}^*$,0.9,38.5,10.0,,runs,run-16823527592836354,64,16.0,20.0,500.0,True,1.0,120.0,0.24096385542168675,BigFish
364,,$\hat{Q}^*$,0.9,45.0,12.0,,runs,run-16823527592836354,64,16.0,20.0,500.0,True,1.0,120.0,0.2891566265060241,BigFish
363,,$\hat{Q}^*$,0.9,117.5,23.0,,runs,run-16823527592836354,64,16.0,20.0,500.0,True,1.0,120.0,0.5542168674698795,BigFish
362,,$\hat{Q}^*$,0.9,53.5,10.0,,runs,run-16823527592836354,64,16.0,20.0,500.0,True,1.0,120.0,0.24096385542168675,BigFish
361,,$\hat{Q}^*$,0.9,125.0,19.5,,runs,run-16823527592836354,64,16.0,20.0,500.0,True,1.0,120.0,0.46987951807228917,BigFish
360,,$\hat{Q}^*$,0.9,5.25,0.5,,runs,run-16823527592836354,64,16.0,20.0,500.0,True,1.0,120.0,0.012048192771084338,BigFish
359,,$\hat{Q}^*$,0.9,37.25,10.0,,runs,run-16823527592836354,64,16.0,20.0,500.0,True,1.0,120.0,0.24096385542168675,BigFish
358,,$\hat{Q}^*$,0.9,6.75,0.0,,runs,run-16823527592836354,64,16.0,20.0,500.0,True,1.0,120.0,0.0,BigFish
357,,$\hat{Q}^*$,0.9,5.0,0.5,,runs,run-16823527592836354,64,16.0,20.0,500.0,True,1.0,120.0,0.012048192771084338,BigFish
368,,$\hat{Q}^*$,0.9,58.0,6.5,,runs,run-16823527592836354,64,16.0,20.0,500.0,True,1.0,120.0,0.1566265060240964,BigFish
218,,$\hat{Q}^*$,0.75,6.75,1.0,,runs,run-16823527592836354,64,16.0,20.0,500.0,True,1.0,120.0,0.024096385542168676,BigFish
271,,$\hat{Q}^*$,0.75,123.75,17.75,,runs,run-16823527592836354,64,16.0,20.0,500.0,True,1.0,120.0,0.42771084337349397,BigFish
216,,$\hat{Q}^*$,0.5,44.0,10.0,,runs,run-16823527592836354,64,16.0,20.0,500.0,True,1.0,120.0,0.24096385542168675,BigFish
88,,$\hat{Q}^*$,0.25,5.0,0.5,,runs,run-16823527592836354,64,16.0,20.0,500.0,True,1.0,120.0,0.012048192771084338,BigFish
87,,$\hat{Q}^*$,0.25,18.75,2.25,,runs,run-16823527592836354,64,16.0,20.0,500.0,True,1.0,120.0,0.05421686746987952,BigFish
86,,$\hat{Q}^*$,0.25,27.25,3.5,,runs,run-16823527592836354,64,16.0,20.0,500.0,True,1.0,120.0,0.08433734939759036,BigFish
85,,$\hat{Q}^*$,0.25,34.25,3.0,,runs,run-16823527592836354,64,16.0,20.0,500.0,True,1.0,120.0,0.07228915662650602,BigFish
84,,$\hat{Q}^*$,0.25,59.5,7.75,,runs,run-16823527592836354,64,16.0,20.0,500.0,True,1.0,120.0,0.18674698795180722,BigFish
83,,$\hat{Q}^*$,0.25,73.25,4.75,,runs,run-16823527592836354,64,16.0,20.0,500.0,True,1.0,120.0,0.1144578313253012,BigFish
82,,$\hat{Q}^*$,0.25,32.5,1.75,,runs,run-16823527592836354,64,16.0,20.0,500.0,True,1.0,120.0,0.04216867469879518,BigFish
81,,$\hat{Q}^*$,0.25,22.0,2.0,,runs,run-16823527592836354,64,16.0,20.0,500.0,True,1.0,120.0,0.04819277108433735,BigFish
80,,$\hat{Q}^*$,0.25,7.75,0.5,,runs,run-16823527592836354,64,16.0,20.0,500.0,True,1.0,120.0,0.012048192771084338,BigFish
79,,$\hat{Q}^*$,0.25,16.25,1.0,,runs,run-16823527592836354,64,16.0,20.0,500.0,True,1.0,120.0,0.024096385542168676,BigFish
78,,$\hat{Q}^*$,0.25,60.0,3.0,,runs,run-16823527592836354,64,16.0,20.0,500.0,True,1.0,120.0,0.07228915662650602,BigFish
77,,$\hat{Q}^*$,0.25,26.5,3.5,,runs,run-16823527592836354,64,16.0,20.0,500.0,True,1.0,120.0,0.08433734939759036,BigFish
76,,$\hat{Q}^*$,0.25,95.5,17.5,,runs,run-16823527592836354,64,16.0,20.0,500.0,True,1.0,120.0,0.42168674698795183,BigFish
75,,$\hat{Q}^*$,0.25,51.75,7.75,,runs,run-16823527592836354,64,16.0,20.0,500.0,True,1.0,120.0,0.18674698795180722,BigFish
74,,$\hat{Q}^*$,0.25,44.75,7.5,,runs,run-16823527592836354,64,16.0,20.0,500.0,True,1.0,120.0,0.18072289156626506,BigFish
73,,$\hat{Q}^*$,0.25,12.25,1.5,,runs,run-16823527592836354,64,16.0,20.0,500.0,True,1.0,120.0,0.03614457831325301,BigFish
72,,$\hat{Q}^*$,0.25,76.75,7.75,,runs,run-16823527592836354,64,16.0,20.0,500.0,True,1.0,120.0,0.18674698795180722,BigFish
71,,$\hat{Q}^*$,0.25,33.75,4.5,,runs,run-16823527592836354,64,16.0,20.0,500.0,True,1.0,120.0,0.10843373493975904,BigFish
70,,$\hat{Q}^*$,0.25,26.75,2.0,,runs,run-16823527592836354,64,16.0,20.0,500.0,True,1.0,120.0,0.04819277108433735,BigFish
69,,$\hat{Q}^*$,0.25,11.25,1.0,,runs,run-16823527592836354,64,16.0,20.0,500.0,True,1.0,120.0,0.024096385542168676,BigFish
68,,$\hat{Q}^*$,0.25,83.5,15.75,,runs,run-16823527592836354,64,16.0,20.0,500.0,True,1.0,120.0,0.3795180722891566,BigFish
89,,$\hat{Q}^*$,0.25,10.25,1.25,,runs,run-16823527592836354,64,16.0,20.0,500.0,True,1.0,120.0,0.030120481927710843,BigFish
90,,$\hat{Q}^*$,0.25,5.5,0.5,,runs,run-16823527592836354,64,16.0,20.0,500.0,True,1.0,120.0,0.012048192771084338,BigFish
91,,$\hat{Q}^*$,0.25,5.5,0.25,,runs,run-16823527592836354,64,16.0,20.0,500.0,True,1.0,120.0,0.006024096385542169,BigFish
92,,$\hat{Q}^*$,0.25,125.0,20.25,,runs,run-16823527592836354,64,16.0,20.0,500.0,True,1.0,120.0,0.4879518072289157,BigFish
114,,$\hat{Q}^*$,0.25,40.75,3.5,,runs,run-16823527592836354,64,16.0,20.0,500.0,True,1.0,120.0,0.08433734939759036,BigFish
113,,$\hat{Q}^*$,0.25,33.75,3.25,,runs,run-16823527592836354,64,16.0,20.0,500.0,True,1.0,120.0,0.0783132530120482,BigFish
112,,$\hat{Q}^*$,0.25,19.25,2.75,,runs,run-16823527592836354,64,16.0,20.0,500.0,True,1.0,120.0,0.06626506024096386,BigFish
111,,$\hat{Q}^*$,0.25,27.75,0.5,,runs,run-16823527592836354,64,16.0,20.0,500.0,True,1.0,120.0,0.012048192771084338,BigFish
110,,$\hat{Q}^*$,0.25,8.0,0.25,,runs,run-16823527592836354,64,16.0,20.0,500.0,True,1.0,120.0,0.006024096385542169,BigFish
109,,$\hat{Q}^*$,0.25,21.5,0.75,,runs,run-16823527592836354,64,16.0,20.0,500.0,True,1.0,120.0,0.018072289156626505,BigFish
108,,$\hat{Q}^*$,0.25,13.25,1.25,,runs,run-16823527592836354,64,16.0,20.0,500.0,True,1.0,120.0,0.030120481927710843,BigFish
107,,$\hat{Q}^*$,0.25,8.0,0.25,,runs,run-16823527592836354,64,16.0,20.0,500.0,True,1.0,120.0,0.006024096385542169,BigFish
106,,$\hat{Q}^*$,0.25,90.25,10.5,,runs,run-16823527592836354,64,16.0,20.0,500.0,True,1.0,120.0,0.25301204819277107,BigFish
105,,$\hat{Q}^*$,0.25,26.0,4.25,,runs,run-16823527592836354,64,16.0,20.0,500.0,True,1.0,120.0,0.10240963855421686,BigFish
67,,$\hat{Q}^*$,0.25,125.0,13.75,,runs,run-16823527592836354,64,16.0,20.0,500.0,True,1.0,120.0,0.3313253012048193,BigFish
104,,$\hat{Q}^*$,0.25,29.25,5.25,,runs,run-16823527592836354,64,16.0,20.0,500.0,True,1.0,120.0,0.12650602409638553,BigFish
102,,$\hat{Q}^*$,0.25,16.0,1.75,,runs,run-16823527592836354,64,16.0,20.0,500.0,True,1.0,120.0,0.04216867469879518,BigFish
101,,$\hat{Q}^*$,0.25,15.75,1.0,,runs,run-16823527592836354,64,16.0,20.0,500.0,True,1.0,120.0,0.024096385542168676,BigFish
100,,$\hat{Q}^*$,0.25,63.25,12.0,,runs,run-16823527592836354,64,16.0,20.0,500.0,True,1.0,120.0,0.2891566265060241,BigFish
99,,$\hat{Q}^*$,0.25,58.25,3.5,,runs,run-16823527592836354,64,16.0,20.0,500.0,True,1.0,120.0,0.08433734939759036,BigFish
98,,$\hat{Q}^*$,0.25,81.75,12.25,,runs,run-16823527592836354,64,16.0,20.0,500.0,True,1.0,120.0,0.29518072289156627,BigFish
97,,$\hat{Q}^*$,0.25,11.5,0.25,,runs,run-16823527592836354,64,16.0,20.0,500.0,True,1.0,120.0,0.006024096385542169,BigFish
96,,$\hat{Q}^*$,0.25,20.0,1.75,,runs,run-16823527592836354,64,16.0,20.0,500.0,True,1.0,120.0,0.04216867469879518,BigFish
95,,$\hat{Q}^*$,0.25,5.5,0.25,,runs,run-16823527592836354,64,16.0,20.0,500.0,True,1.0,120.0,0.006024096385542169,BigFish
94,,$\hat{Q}^*$,0.25,47.0,4.5,,runs,run-16823527592836354,64,16.0,20.0,500.0,True,1.0,120.0,0.10843373493975904,BigFish
93,,$\hat{Q}^*$,0.25,3.5,0.25,,runs,run-16823527592836354,64,16.0,20.0,500.0,True,1.0,120.0,0.006024096385542169,BigFish
103,,$\hat{Q}^*$,0.25,90.75,7.0,,runs,run-16823527592836354,64,16.0,20.0,500.0,True,1.0,120.0,0.1686746987951807,BigFish
115,,$\hat{Q}^*$,0.25,4.25,0.75,,runs,run-16823527592836354,64,16.0,20.0,500.0,True,1.0,120.0,0.018072289156626505,BigFish
66,,$\hat{Q}^*$,0.25,86.5,11.25,,runs,run-16823527592836354,64,16.0,20.0,500.0,True,1.0,120.0,0.2710843373493976,BigFish
64,,$\hat{Q}^*$,0.25,42.75,7.25,,runs,run-16823527592836354,64,16.0,20.0,500.0,True,1.0,120.0,0.1746987951807229,BigFish
37,,$\hat{Q}^*$,0.25,13.0,2.0,,runs,run-16823527592836354,64,16.0,20.0,500.0,True,1.0,120.0,0.04819277108433735,BigFish
36,,$\hat{Q}^*$,0.25,33.75,3.5,,runs,run-16823527592836354,64,16.0,20.0,500.0,True,1.0,120.0,0.08433734939759036,BigFish
35,,$\hat{Q}^*$,0.25,55.5,6.25,,runs,run-16823527592836354,64,16.0,20.0,500.0,True,1.0,120.0,0.15060240963855423,BigFish
34,,$\hat{Q}^*$,0.25,55.0,4.0,,runs,run-16823527592836354,64,16.0,20.0,500.0,True,1.0,120.0,0.0963855421686747,BigFish
33,,$\hat{Q}^*$,0.25,48.0,8.5,,runs,run-16823527592836354,64,16.0,20.0,500.0,True,1.0,120.0,0.20481927710843373,BigFish
32,,$\hat{Q}^*$,0.25,47.0,3.5,,runs,run-16823527592836354,64,16.0,20.0,500.0,True,1.0,120.0,0.08433734939759036,BigFish
31,,$\hat{Q}^*$,0.25,27.0,3.25,,runs,run-16823527592836354,64,16.0,20.0,500.0,True,1.0,120.0,0.0783132530120482,BigFish
30,,$\hat{Q}^*$,0.25,18.75,3.0,,runs,run-16823527592836354,64,16.0,20.0,500.0,True,1.0,120.0,0.07228915662650602,BigFish
29,,$\hat{Q}^*$,0.25,4.75,0.5,,runs,run-16823527592836354,64,16.0,20.0,500.0,True,1.0,120.0,0.012048192771084338,BigFish
28,,$\hat{Q}^*$,0.25,24.75,3.0,,runs,run-16823527592836354,64,16.0,20.0,500.0,True,1.0,120.0,0.07228915662650602,BigFish
27,,$\hat{Q}^*$,0.25,23.75,1.75,,runs,run-16823527592836354,64,16.0,20.0,500.0,True,1.0,120.0,0.04216867469879518,BigFish
26,,$\hat{Q}^*$,0.25,3.25,0.0,,runs,run-16823527592836354,64,16.0,20.0,500.0,True,1.0,120.0,0.0,BigFish
25,,$\hat{Q}^*$,0.25,12.5,1.0,,runs,run-16823527592836354,64,16.0,20.0,500.0,True,1.0,120.0,0.024096385542168676,BigFish
24,,$\hat{Q}^*$,0.25,17.5,3.25,,runs,run-16823527592836354,64,16.0,20.0,500.0,True,1.0,120.0,0.0783132530120482,BigFish
23,,$\hat{Q}^*$,0.25,16.0,2.5,,runs,run-16823527592836354,64,16.0,20.0,500.0,True,1.0,120.0,0.060240963855421686,BigFish
22,,$\hat{Q}^*$,0.25,14.0,2.75,,runs,run-16823527592836354,64,16.0,20.0,500.0,True,1.0,120.0,0.06626506024096386,BigFish
21,,$\hat{Q}^*$,0.25,3.25,0.0,,runs,run-16823527592836354,64,16.0,20.0,500.0,True,1.0,120.0,0.0,BigFish
20,,$\hat{Q}^*$,0.25,9.0,0.5,,runs,run-16823527592836354,64,16.0,20.0,500.0,True,1.0,120.0,0.012048192771084338,BigFish
19,,$\hat{Q}^*$,0.25,8.25,1.25,,runs,run-16823527592836354,64,16.0,20.0,500.0,True,1.0,120.0,0.030120481927710843,BigFish
18,,$\hat{Q}^*$,0.25,6.0,0.5,,runs,run-16823527592836354,64,16.0,20.0,500.0,True,1.0,120.0,0.012048192771084338,BigFish
17,,$\hat{Q}^*$,0.25,2.5,0.0,,runs,run-16823527592836354,64,16.0,20.0,500.0,True,1.0,120.0,0.0,BigFish
38,,$\hat{Q}^*$,0.25,62.0,6.25,,runs,run-16823527592836354,64,16.0,20.0,500.0,True,1.0,120.0,0.15060240963855423,BigFish
39,,$\hat{Q}^*$,0.25,44.25,4.75,,runs,run-16823527592836354,64,16.0,20.0,500.0,True,1.0,120.0,0.1144578313253012,BigFish
40,,$\hat{Q}^*$,0.25,35.0,5.25,,runs,run-16823527592836354,64,16.0,20.0,500.0,True,1.0,120.0,0.12650602409638553,BigFish
41,,$\hat{Q}^*$,0.25,69.0,12.0,,runs,run-16823527592836354,64,16.0,20.0,500.0,True,1.0,120.0,0.2891566265060241,BigFish
63,,$\hat{Q}^*$,0.25,16.0,1.75,,runs,run-16823527592836354,64,16.0,20.0,500.0,True,1.0,120.0,0.04216867469879518,BigFish
62,,$\hat{Q}^*$,0.25,52.75,10.0,,runs,run-16823527592836354,64,16.0,20.0,500.0,True,1.0,120.0,0.24096385542168675,BigFish
61,,$\hat{Q}^*$,0.25,24.25,2.0,,runs,run-16823527592836354,64,16.0,20.0,500.0,True,1.0,120.0,0.04819277108433735,BigFish
60,,$\hat{Q}^*$,0.25,14.5,1.75,,runs,run-16823527592836354,64,16.0,20.0,500.0,True,1.0,120.0,0.04216867469879518,BigFish
59,,$\hat{Q}^*$,0.25,5.5,0.0,,runs,run-16823527592836354,64,16.0,20.0,500.0,True,1.0,120.0,0.0,BigFish
58,,$\hat{Q}^*$,0.25,63.5,6.25,,runs,run-16823527592836354,64,16.0,20.0,500.0,True,1.0,120.0,0.15060240963855423,BigFish
57,,$\hat{Q}^*$,0.25,5.0,0.75,,runs,run-16823527592836354,64,16.0,20.0,500.0,True,1.0,120.0,0.018072289156626505,BigFish
217,,$\hat{Q}^*$,0.75,6.5,0.25,,runs,run-16823527592836354,64,16.0,20.0,500.0,True,1.0,120.0,0.006024096385542169,BigFish
55,,$\hat{Q}^*$,0.25,13.5,1.25,,runs,run-16823527592836354,64,16.0,20.0,500.0,True,1.0,120.0,0.030120481927710843,BigFish
54,,$\hat{Q}^*$,0.25,28.5,4.5,,runs,run-16823527592836354,64,16.0,20.0,500.0,True,1.0,120.0,0.10843373493975904,BigFish
65,,$\hat{Q}^*$,0.25,15.75,1.0,,runs,run-16823527592836354,64,16.0,20.0,500.0,True,1.0,120.0,0.024096385542168676,BigFish
53,,$\hat{Q}^*$,0.25,100.5,17.0,,runs,run-16823527592836354,64,16.0,20.0,500.0,True,1.0,120.0,0.40963855421686746,BigFish
51,,$\hat{Q}^*$,0.25,20.5,2.5,,runs,run-16823527592836354,64,16.0,20.0,500.0,True,1.0,120.0,0.060240963855421686,BigFish
50,,$\hat{Q}^*$,0.25,31.25,2.75,,runs,run-16823527592836354,64,16.0,20.0,500.0,True,1.0,120.0,0.06626506024096386,BigFish
49,,$\hat{Q}^*$,0.25,30.75,3.5,,runs,run-16823527592836354,64,16.0,20.0,500.0,True,1.0,120.0,0.08433734939759036,BigFish
48,,$\hat{Q}^*$,0.25,86.25,10.75,,runs,run-16823527592836354,64,16.0,20.0,500.0,True,1.0,120.0,0.25903614457831325,BigFish
47,,$\hat{Q}^*$,0.25,75.5,8.25,,runs,run-16823527592836354,64,16.0,20.0,500.0,True,1.0,120.0,0.19879518072289157,BigFish
46,,$\hat{Q}^*$,0.25,45.75,6.75,,runs,run-16823527592836354,64,16.0,20.0,500.0,True,1.0,120.0,0.16265060240963855,BigFish
45,,$\hat{Q}^*$,0.25,17.0,1.5,,runs,run-16823527592836354,64,16.0,20.0,500.0,True,1.0,120.0,0.03614457831325301,BigFish
44,,$\hat{Q}^*$,0.25,9.5,0.75,,runs,run-16823527592836354,64,16.0,20.0,500.0,True,1.0,120.0,0.018072289156626505,BigFish
43,,$\hat{Q}^*$,0.25,14.25,1.0,,runs,run-16823527592836354,64,16.0,20.0,500.0,True,1.0,120.0,0.024096385542168676,BigFish
42,,$\hat{Q}^*$,0.25,52.25,5.0,,runs,run-16823527592836354,64,16.0,20.0,500.0,True,1.0,120.0,0.12048192771084337,BigFish
52,,$\hat{Q}^*$,0.25,15.0,2.75,,runs,run-16823527592836354,64,16.0,20.0,500.0,True,1.0,120.0,0.06626506024096386,BigFish
116,,$\hat{Q}^*$,0.25,25.75,1.5,,runs,run-16823527592836354,64,16.0,20.0,500.0,True,1.0,120.0,0.03614457831325301,BigFish
56,,$\hat{Q}^*$,0.25,28.75,2.5,,runs,run-16823527592836354,64,16.0,20.0,500.0,True,1.0,120.0,0.060240963855421686,BigFish
118,,$\hat{Q}^*$,0.5,2.25,0.0,,runs,run-16823527592836354,64,16.0,20.0,500.0,True,1.0,120.0,0.0,BigFish
189,,$\hat{Q}^*$,0.5,12.75,1.25,,runs,run-16823527592836354,64,16.0,20.0,500.0,True,1.0,120.0,0.030120481927710843,BigFish
188,,$\hat{Q}^*$,0.5,9.5,0.0,,runs,run-16823527592836354,64,16.0,20.0,500.0,True,1.0,120.0,0.0,BigFish
187,,$\hat{Q}^*$,0.5,120.5,20.0,,runs,run-16823527592836354,64,16.0,20.0,500.0,True,1.0,120.0,0.4819277108433735,BigFish
186,,$\hat{Q}^*$,0.5,7.25,0.5,,runs,run-16823527592836354,64,16.0,20.0,500.0,True,1.0,120.0,0.012048192771084338,BigFish
185,,$\hat{Q}^*$,0.5,16.75,1.75,,runs,run-16823527592836354,64,16.0,20.0,500.0,True,1.0,120.0,0.04216867469879518,BigFish
184,,$\hat{Q}^*$,0.5,0.75,0.0,,runs,run-16823527592836354,64,16.0,20.0,500.0,True,1.0,120.0,0.0,BigFish
183,,$\hat{Q}^*$,0.5,18.5,1.5,,runs,run-16823527592836354,64,16.0,20.0,500.0,True,1.0,120.0,0.03614457831325301,BigFish
182,,$\hat{Q}^*$,0.5,66.0,4.5,,runs,run-16823527592836354,64,16.0,20.0,500.0,True,1.0,120.0,0.10843373493975904,BigFish
181,,$\hat{Q}^*$,0.5,30.0,3.25,,runs,run-16823527592836354,64,16.0,20.0,500.0,True,1.0,120.0,0.0783132530120482,BigFish
180,,$\hat{Q}^*$,0.5,21.75,2.75,,runs,run-16823527592836354,64,16.0,20.0,500.0,True,1.0,120.0,0.06626506024096386,BigFish
179,,$\hat{Q}^*$,0.5,11.0,0.75,,runs,run-16823527592836354,64,16.0,20.0,500.0,True,1.0,120.0,0.018072289156626505,BigFish
178,,$\hat{Q}^*$,0.5,6.5,0.25,,runs,run-16823527592836354,64,16.0,20.0,500.0,True,1.0,120.0,0.006024096385542169,BigFish
177,,$\hat{Q}^*$,0.5,125.0,12.5,,runs,run-16823527592836354,64,16.0,20.0,500.0,True,1.0,120.0,0.30120481927710846,BigFish
176,,$\hat{Q}^*$,0.5,5.75,0.0,,runs,run-16823527592836354,64,16.0,20.0,500.0,True,1.0,120.0,0.0,BigFish
175,,$\hat{Q}^*$,0.5,108.25,10.25,,runs,run-16823527592836354,64,16.0,20.0,500.0,True,1.0,120.0,0.2469879518072289,BigFish
174,,$\hat{Q}^*$,0.5,80.5,5.5,,runs,run-16823527592836354,64,16.0,20.0,500.0,True,1.0,120.0,0.13253012048192772,BigFish
173,,$\hat{Q}^*$,0.5,82.0,11.75,,runs,run-16823527592836354,64,16.0,20.0,500.0,True,1.0,120.0,0.28313253012048195,BigFish
172,,$\hat{Q}^*$,0.5,61.25,5.25,,runs,run-16823527592836354,64,16.0,20.0,500.0,True,1.0,120.0,0.12650602409638553,BigFish
171,,$\hat{Q}^*$,0.5,15.0,1.5,,runs,run-16823527592836354,64,16.0,20.0,500.0,True,1.0,120.0,0.03614457831325301,BigFish
170,,$\hat{Q}^*$,0.5,72.75,10.0,,runs,run-16823527592836354,64,16.0,20.0,500.0,True,1.0,120.0,0.24096385542168675,BigFish
169,,$\hat{Q}^*$,0.5,8.5,1.5,,runs,run-16823527592836354,64,16.0,20.0,500.0,True,1.0,120.0,0.03614457831325301,BigFish
190,,$\hat{Q}^*$,0.5,120.75,13.75,,runs,run-16823527592836354,64,16.0,20.0,500.0,True,1.0,120.0,0.3313253012048193,BigFish
191,,$\hat{Q}^*$,0.5,4.0,0.5,,runs,run-16823527592836354,64,16.0,20.0,500.0,True,1.0,120.0,0.012048192771084338,BigFish
193,,$\hat{Q}^*$,0.5,105.0,20.0,,runs,run-16823527592836354,64,16.0,20.0,500.0,True,1.0,120.0,0.4819277108433735,BigFish
194,,$\hat{Q}^*$,0.5,2.0,0.25,,runs,run-16823527592836354,64,16.0,20.0,500.0,True,1.0,120.0,0.006024096385542169,BigFish
212,,$\hat{Q}^*$,0.5,90.0,12.0,,runs,run-16823527592836354,64,16.0,20.0,500.0,True,1.0,120.0,0.2891566265060241,BigFish
213,,$\hat{Q}^*$,0.5,14.5,1.0,,runs,run-16823527592836354,64,16.0,20.0,500.0,True,1.0,120.0,0.024096385542168676,BigFish
214,,$\hat{Q}^*$,0.5,101.75,16.5,,runs,run-16823527592836354,64,16.0,20.0,500.0,True,1.0,120.0,0.39759036144578314,BigFish
215,,$\hat{Q}^*$,0.5,125.0,20.5,,runs,run-16823527592836354,64,16.0,20.0,500.0,True,1.0,120.0,0.4939759036144578,BigFish
117,,$\hat{Q}^*$,0.5,1.5,0.0,,runs,run-16823527592836354,64,16.0,20.0,500.0,True,1.0,120.0,0.0,BigFish
211,,$\hat{Q}^*$,0.5,12.0,0.75,,runs,run-16823527592836354,64,16.0,20.0,500.0,True,1.0,120.0,0.018072289156626505,BigFish
210,,$\hat{Q}^*$,0.5,29.0,1.75,,runs,run-16823527592836354,64,16.0,20.0,500.0,True,1.0,120.0,0.04216867469879518,BigFish
209,,$\hat{Q}^*$,0.5,125.0,15.5,,runs,run-16823527592836354,64,16.0,20.0,500.0,True,1.0,120.0,0.37349397590361444,BigFish
208,,$\hat{Q}^*$,0.5,109.0,13.75,,runs,run-16823527592836354,64,16.0,20.0,500.0,True,1.0,120.0,0.3313253012048193,BigFish
207,,$\hat{Q}^*$,0.5,65.0,7.75,,runs,run-16823527592836354,64,16.0,20.0,500.0,True,1.0,120.0,0.18674698795180722,BigFish
168,,$\hat{Q}^*$,0.5,24.75,2.5,,runs,run-16823527592836354,64,16.0,20.0,500.0,True,1.0,120.0,0.060240963855421686,BigFish
206,,$\hat{Q}^*$,0.5,5.75,0.5,,runs,run-16823527592836354,64,16.0,20.0,500.0,True,1.0,120.0,0.012048192771084338,BigFish
204,,$\hat{Q}^*$,0.5,18.0,0.75,,runs,run-16823527592836354,64,16.0,20.0,500.0,True,1.0,120.0,0.018072289156626505,BigFish
203,,$\hat{Q}^*$,0.5,60.0,2.5,,runs,run-16823527592836354,64,16.0,20.0,500.0,True,1.0,120.0,0.060240963855421686,BigFish
202,,$\hat{Q}^*$,0.5,49.25,4.5,,runs,run-16823527592836354,64,16.0,20.0,500.0,True,1.0,120.0,0.10843373493975904,BigFish
201,,$\hat{Q}^*$,0.5,83.0,11.25,,runs,run-16823527592836354,64,16.0,20.0,500.0,True,1.0,120.0,0.2710843373493976,BigFish
200,,$\hat{Q}^*$,0.5,13.0,0.5,,runs,run-16823527592836354,64,16.0,20.0,500.0,True,1.0,120.0,0.012048192771084338,BigFish
199,,$\hat{Q}^*$,0.5,70.75,6.75,,runs,run-16823527592836354,64,16.0,20.0,500.0,True,1.0,120.0,0.16265060240963855,BigFish
198,,$\hat{Q}^*$,0.5,9.5,0.0,,runs,run-16823527592836354,64,16.0,20.0,500.0,True,1.0,120.0,0.0,BigFish
197,,$\hat{Q}^*$,0.5,70.0,11.0,,runs,run-16823527592836354,64,16.0,20.0,500.0,True,1.0,120.0,0.26506024096385544,BigFish
196,,$\hat{Q}^*$,0.5,34.75,3.0,,runs,run-16823527592836354,64,16.0,20.0,500.0,True,1.0,120.0,0.07228915662650602,BigFish
195,,$\hat{Q}^*$,0.5,34.0,3.5,,runs,run-16823527592836354,64,16.0,20.0,500.0,True,1.0,120.0,0.08433734939759036,BigFish
205,,$\hat{Q}^*$,0.5,0.25,0.0,,runs,run-16823527592836354,64,16.0,20.0,500.0,True,1.0,120.0,0.0,BigFish
167,,$\hat{Q}^*$,0.5,56.25,1.75,,runs,run-16823527592836354,64,16.0,20.0,500.0,True,1.0,120.0,0.04216867469879518,BigFish
192,,$\hat{Q}^*$,0.5,25.25,1.0,,runs,run-16823527592836354,64,16.0,20.0,500.0,True,1.0,120.0,0.024096385542168676,BigFish
165,,$\hat{Q}^*$,0.5,48.5,10.0,,runs,run-16823527592836354,64,16.0,20.0,500.0,True,1.0,120.0,0.24096385542168675,BigFish
140,,$\hat{Q}^*$,0.5,17.0,0.5,,runs,run-16823527592836354,64,16.0,20.0,500.0,True,1.0,120.0,0.012048192771084338,BigFish
139,,$\hat{Q}^*$,0.5,125.0,11.0,,runs,run-16823527592836354,64,16.0,20.0,500.0,True,1.0,120.0,0.26506024096385544,BigFish
138,,$\hat{Q}^*$,0.5,7.5,0.5,,runs,run-16823527592836354,64,16.0,20.0,500.0,True,1.0,120.0,0.012048192771084338,BigFish
137,,$\hat{Q}^*$,0.5,123.25,15.25,,runs,run-16823527592836354,64,16.0,20.0,500.0,True,1.0,120.0,0.3674698795180723,BigFish
136,,$\hat{Q}^*$,0.5,125.0,10.25,,runs,run-16823527592836354,64,16.0,20.0,500.0,True,1.0,120.0,0.2469879518072289,BigFish
135,,$\hat{Q}^*$,0.5,125.0,16.5,,runs,run-16823527592836354,64,16.0,20.0,500.0,True,1.0,120.0,0.39759036144578314,BigFish
134,,$\hat{Q}^*$,0.5,14.75,2.75,,runs,run-16823527592836354,64,16.0,20.0,500.0,True,1.0,120.0,0.06626506024096386,BigFish
132,,$\hat{Q}^*$,0.5,16.75,0.0,,runs,run-16823527592836354,64,16.0,20.0,500.0,True,1.0,120.0,0.0,BigFish
131,,$\hat{Q}^*$,0.5,11.0,1.25,,runs,run-16823527592836354,64,16.0,20.0,500.0,True,1.0,120.0,0.030120481927710843,BigFish
130,,$\hat{Q}^*$,0.5,1.75,0.0,,runs,run-16823527592836354,64,16.0,20.0,500.0,True,1.0,120.0,0.0,BigFish
141,,$\hat{Q}^*$,0.5,46.0,7.0,,runs,run-16823527592836354,64,16.0,20.0,500.0,True,1.0,120.0,0.1686746987951807,BigFish
129,,$\hat{Q}^*$,0.5,5.25,0.0,,runs,run-16823527592836354,64,16.0,20.0,500.0,True,1.0,120.0,0.0,BigFish
127,,$\hat{Q}^*$,0.5,0.0,0.0,,runs,run-16823527592836354,64,16.0,20.0,500.0,True,1.0,120.0,0.0,BigFish
126,,$\hat{Q}^*$,0.5,22.25,1.0,,runs,run-16823527592836354,64,16.0,20.0,500.0,True,1.0,120.0,0.024096385542168676,BigFish
125,,$\hat{Q}^*$,0.5,24.0,1.5,,runs,run-16823527592836354,64,16.0,20.0,500.0,True,1.0,120.0,0.03614457831325301,BigFish
124,,$\hat{Q}^*$,0.5,66.75,4.5,,runs,run-16823527592836354,64,16.0,20.0,500.0,True,1.0,120.0,0.10843373493975904,BigFish
166,,$\hat{Q}^*$,0.5,5.5,0.5,,runs,run-16823527592836354,64,16.0,20.0,500.0,True,1.0,120.0,0.012048192771084338,BigFish
119,,$\hat{Q}^*$,0.5,9.5,1.75,,runs,run-16823527592836354,64,16.0,20.0,500.0,True,1.0,120.0,0.04216867469879518,BigFish
123,,$\hat{Q}^*$,0.5,60.25,4.0,,runs,run-16823527592836354,64,16.0,20.0,500.0,True,1.0,120.0,0.0963855421686747,BigFish
120,,$\hat{Q}^*$,0.5,28.75,2.0,,runs,run-16823527592836354,64,16.0,20.0,500.0,True,1.0,120.0,0.04819277108433735,BigFish
121,,$\hat{Q}^*$,0.5,5.5,0.25,,runs,run-16823527592836354,64,16.0,20.0,500.0,True,1.0,120.0,0.006024096385542169,BigFish
122,,$\hat{Q}^*$,0.5,25.0,0.5,,runs,run-16823527592836354,64,16.0,20.0,500.0,True,1.0,120.0,0.012048192771084338,BigFish
128,,$\hat{Q}^*$,0.5,90.5,13.0,,runs,run-16823527592836354,64,16.0,20.0,500.0,True,1.0,120.0,0.3132530120481928,BigFish
142,,$\hat{Q}^*$,0.5,47.0,3.25,,runs,run-16823527592836354,64,16.0,20.0,500.0,True,1.0,120.0,0.0783132530120482,BigFish
133,,$\hat{Q}^*$,0.5,56.25,10.0,,runs,run-16823527592836354,64,16.0,20.0,500.0,True,1.0,120.0,0.24096385542168675,BigFish
143,,$\hat{Q}^*$,0.5,91.25,11.0,,runs,run-16823527592836354,64,16.0,20.0,500.0,True,1.0,120.0,0.26506024096385544,BigFish
162,,$\hat{Q}^*$,0.5,7.5,0.5,,runs,run-16823527592836354,64,16.0,20.0,500.0,True,1.0,120.0,0.012048192771084338,BigFish
163,,$\hat{Q}^*$,0.5,61.25,10.0,,runs,run-16823527592836354,64,16.0,20.0,500.0,True,1.0,120.0,0.24096385542168675,BigFish
164,,$\hat{Q}^*$,0.5,121.75,16.0,,runs,run-16823527592836354,64,16.0,20.0,500.0,True,1.0,120.0,0.3855421686746988,BigFish
160,,$\hat{Q}^*$,0.5,15.5,0.25,,runs,run-16823527592836354,64,16.0,20.0,500.0,True,1.0,120.0,0.006024096385542169,BigFish
159,,$\hat{Q}^*$,0.5,81.25,5.75,,runs,run-16823527592836354,64,16.0,20.0,500.0,True,1.0,120.0,0.13855421686746988,BigFish
158,,$\hat{Q}^*$,0.5,20.0,3.25,,runs,run-16823527592836354,64,16.0,20.0,500.0,True,1.0,120.0,0.0783132530120482,BigFish
157,,$\hat{Q}^*$,0.5,56.25,4.0,,runs,run-16823527592836354,64,16.0,20.0,500.0,True,1.0,120.0,0.0963855421686747,BigFish
161,,$\hat{Q}^*$,0.5,54.5,5.0,,runs,run-16823527592836354,64,16.0,20.0,500.0,True,1.0,120.0,0.12048192771084337,BigFish
155,,$\hat{Q}^*$,0.5,29.25,1.75,,runs,run-16823527592836354,64,16.0,20.0,500.0,True,1.0,120.0,0.04216867469879518,BigFish
154,,$\hat{Q}^*$,0.5,125.0,9.75,,runs,run-16823527592836354,64,16.0,20.0,500.0,True,1.0,120.0,0.23493975903614459,BigFish
153,,$\hat{Q}^*$,0.5,1.5,0.0,,runs,run-16823527592836354,64,16.0,20.0,500.0,True,1.0,120.0,0.0,BigFish
156,,$\hat{Q}^*$,0.5,125.0,14.5,,runs,run-16823527592836354,64,16.0,20.0,500.0,True,1.0,120.0,0.3493975903614458,BigFish
151,,$\hat{Q}^*$,0.5,8.75,0.25,,runs,run-16823527592836354,64,16.0,20.0,500.0,True,1.0,120.0,0.006024096385542169,BigFish
144,,$\hat{Q}^*$,0.5,77.5,7.0,,runs,run-16823527592836354,64,16.0,20.0,500.0,True,1.0,120.0,0.1686746987951807,BigFish
150,,$\hat{Q}^*$,0.5,48.25,3.0,,runs,run-16823527592836354,64,16.0,20.0,500.0,True,1.0,120.0,0.07228915662650602,BigFish
145,,$\hat{Q}^*$,0.5,19.25,0.25,,runs,run-16823527592836354,64,16.0,20.0,500.0,True,1.0,120.0,0.006024096385542169,BigFish
149,,$\hat{Q}^*$,0.5,64.75,10.25,,runs,run-16823527592836354,64,16.0,20.0,500.0,True,1.0,120.0,0.2469879518072289,BigFish
148,,$\hat{Q}^*$,0.5,14.0,1.5,,runs,run-16823527592836354,64,16.0,20.0,500.0,True,1.0,120.0,0.03614457831325301,BigFish
146,,$\hat{Q}^*$,0.5,9.25,0.75,,runs,run-16823527592836354,64,16.0,20.0,500.0,True,1.0,120.0,0.018072289156626505,BigFish
147,,$\hat{Q}^*$,0.5,71.75,10.5,,runs,run-16823527592836354,64,16.0,20.0,500.0,True,1.0,120.0,0.25301204819277107,BigFish
152,,$\hat{Q}^*$,0.5,8.75,0.5,,runs,run-16823527592836354,64,16.0,20.0,500.0,True,1.0,120.0,0.012048192771084338,BigFish
477,,Random,0.25,125.0,18.75,,runs,run-16823527592836354,64,16.0,20.0,500.0,True,1.0,120.0,0.45180722891566266,BigFish
491,,Random,0.5,125.0,30.0,,runs,run-16823527592836354,64,16.0,20.0,500.0,True,1.0,120.0,0.7228915662650602,BigFish
483,,Random,0.25,125.0,24.75,,runs,run-16823527592836354,64,16.0,20.0,500.0,True,1.0,120.0,0.5963855421686747,BigFish
489,,Random,0.5,125.0,30.0,,runs,run-16823527592836354,64,16.0,20.0,500.0,True,1.0,120.0,0.7228915662650602,BigFish
488,,Random,0.5,125.0,23.25,,runs,run-16823527592836354,64,16.0,20.0,500.0,True,1.0,120.0,0.5602409638554217,BigFish
487,,Random,0.5,125.0,23.5,,runs,run-16823527592836354,64,16.0,20.0,500.0,True,1.0,120.0,0.5662650602409639,BigFish
486,,Random,0.5,125.0,30.0,,runs,run-16823527592836354,64,16.0,20.0,500.0,True,1.0,120.0,0.7228915662650602,BigFish
485,,Random,0.5,125.0,19.5,,runs,run-16823527592836354,64,16.0,20.0,500.0,True,1.0,120.0,0.46987951807228917,BigFish
484,,Random,0.5,125.0,31.75,,runs,run-16823527592836354,64,16.0,20.0,500.0,True,1.0,120.0,0.7650602409638554,BigFish
479,,Random,0.25,125.0,28.5,,runs,run-16823527592836354,64,16.0,20.0,500.0,True,1.0,120.0,0.6867469879518072,BigFish
482,,Random,0.25,125.0,15.5,,runs,run-16823527592836354,64,16.0,20.0,500.0,True,1.0,120.0,0.37349397590361444,BigFish
481,,Random,0.25,125.0,19.25,,runs,run-16823527592836354,64,16.0,20.0,500.0,True,1.0,120.0,0.463855421686747,BigFish
480,,Random,0.25,125.0,25.5,,runs,run-16823527592836354,64,16.0,20.0,500.0,True,1.0,120.0,0.6144578313253012,BigFish
478,,Random,0.25,125.0,24.5,,runs,run-16823527592836354,64,16.0,20.0,500.0,True,1.0,120.0,0.5903614457831325,BigFish
490,,Random,0.5,125.0,24.5,,runs,run-16823527592836354,64,16.0,20.0,500.0,True,1.0,120.0,0.5903614457831325,BigFish
550,,Random,0.75,125.0,24.0,,runs,run-16823527592836354,64,16.0,20.0,500.0,True,1.0,120.0,0.5783132530120482,BigFish
540,,Random,0.75,12.0,0.75,,runs,run-16823527592836354,64,16.0,20.0,500.0,True,1.0,120.0,0.018072289156626505,BigFish
543,,Random,0.75,125.0,28.25,,runs,run-16823527592836354,64,16.0,20.0,500.0,True,1.0,120.0,0.6807228915662651,BigFish
476,,Random,0.25,125.0,25.5,,runs,run-16823527592836354,64,16.0,20.0,500.0,True,1.0,120.0,0.6144578313253012,BigFish
544,,Random,0.75,125.0,23.75,,runs,run-16823527592836354,64,16.0,20.0,500.0,True,1.0,120.0,0.572289156626506,BigFish
545,,Random,0.75,125.0,24.0,,runs,run-16823527592836354,64,16.0,20.0,500.0,True,1.0,120.0,0.5783132530120482,BigFish
546,,Random,0.75,125.0,25.0,,runs,run-16823527592836354,64,16.0,20.0,500.0,True,1.0,120.0,0.6024096385542169,BigFish
547,,Random,0.75,125.0,24.0,,runs,run-16823527592836354,64,16.0,20.0,500.0,True,1.0,120.0,0.5783132530120482,BigFish
548,,Random,0.75,125.0,28.5,,runs,run-16823527592836354,64,16.0,20.0,500.0,True,1.0,120.0,0.6867469879518072,BigFish
549,,Random,0.75,125.0,24.0,,runs,run-16823527592836354,64,16.0,20.0,500.0,True,1.0,120.0,0.5783132530120482,BigFish
551,,Random,0.75,125.0,24.0,,runs,run-16823527592836354,64,16.0,20.0,500.0,True,1.0,120.0,0.5783132530120482,BigFish
552,,Random,0.75,125.0,26.75,,runs,run-16823527592836354,64,16.0,20.0,500.0,True,1.0,120.0,0.6445783132530121,BigFish
553,,Random,0.75,125.0,21.75,,runs,run-16823527592836354,64,16.0,20.0,500.0,True,1.0,120.0,0.5240963855421686,BigFish
554,,Random,0.75,125.0,26.75,,runs,run-16823527592836354,64,16.0,20.0,500.0,True,1.0,120.0,0.6445783132530121,BigFish
555,,Random,0.75,125.0,25.25,,runs,run-16823527592836354,64,16.0,20.0,500.0,True,1.0,120.0,0.608433734939759,BigFish
556,,Random,0.75,125.0,21.75,,runs,run-16823527592836354,64,16.0,20.0,500.0,True,1.0,120.0,0.5240963855421686,BigFish
557,,Random,0.75,125.0,35.25,,runs,run-16823527592836354,64,16.0,20.0,500.0,True,1.0,120.0,0.8493975903614458,BigFish
558,,Random,0.75,75.5,20.0,,runs,run-16823527592836354,64,16.0,20.0,500.0,True,1.0,120.0,0.4819277108433735,BigFish
559,,Random,0.75,125.0,24.5,,runs,run-16823527592836354,64,16.0,20.0,500.0,True,1.0,120.0,0.5903614457831325,BigFish
560,,Random,0.75,125.0,22.5,,runs,run-16823527592836354,64,16.0,20.0,500.0,True,1.0,120.0,0.5421686746987951,BigFish
561,,Random,0.75,125.0,27.25,,runs,run-16823527592836354,64,16.0,20.0,500.0,True,1.0,120.0,0.6566265060240963,BigFish
562,,Random,0.75,125.0,25.25,,runs,run-16823527592836354,64,16.0,20.0,500.0,True,1.0,120.0,0.608433734939759,BigFish
563,,Random,0.75,125.0,21.5,,runs,run-16823527592836354,64,16.0,20.0,500.0,True,1.0,120.0,0.5180722891566265,BigFish
475,,Random,0.25,64.75,13.5,,runs,run-16823527592836354,64,16.0,20.0,500.0,True,1.0,120.0,0.3253012048192771,BigFish
542,,Random,0.75,125.0,22.5,,runs,run-16823527592836354,64,16.0,20.0,500.0,True,1.0,120.0,0.5421686746987951,BigFish
473,,Random,0.25,125.0,24.25,,runs,run-16823527592836354,64,16.0,20.0,500.0,True,1.0,120.0,0.5843373493975904,BigFish
453,,Random,0.9,125.0,25.5,,runs,run-16823527592836354,64,16.0,20.0,500.0,True,1.0,120.0,0.6144578313253012,BigFish
452,,Random,0.9,125.0,26.5,,runs,run-16823527592836354,64,16.0,20.0,500.0,True,1.0,120.0,0.6385542168674698,BigFish
451,,Random,0.9,125.0,18.5,,runs,run-16823527592836354,64,16.0,20.0,500.0,True,1.0,120.0,0.4457831325301205,BigFish
450,,Random,0.9,125.0,29.0,,runs,run-16823527592836354,64,16.0,20.0,500.0,True,1.0,120.0,0.6987951807228916,BigFish
449,,Random,0.9,117.5,24.5,,runs,run-16823527592836354,64,16.0,20.0,500.0,True,1.0,120.0,0.5903614457831325,BigFish
448,,Random,0.9,125.0,33.25,,runs,run-16823527592836354,64,16.0,20.0,500.0,True,1.0,120.0,0.8012048192771084,BigFish
474,,Random,0.25,125.0,25.5,,runs,run-16823527592836354,64,16.0,20.0,500.0,True,1.0,120.0,0.6144578313253012,BigFish
446,,Random,0.9,125.0,31.5,,runs,run-16823527592836354,64,16.0,20.0,500.0,True,1.0,120.0,0.7590361445783133,BigFish
445,,Random,0.9,125.0,28.75,,runs,run-16823527592836354,64,16.0,20.0,500.0,True,1.0,120.0,0.6927710843373494,BigFish
444,,Random,0.9,125.0,19.5,,runs,run-16823527592836354,64,16.0,20.0,500.0,True,1.0,120.0,0.46987951807228917,BigFish
454,,Random,0.9,125.0,31.75,,runs,run-16823527592836354,64,16.0,20.0,500.0,True,1.0,120.0,0.7650602409638554,BigFish
443,,Random,0.9,125.0,30.75,,runs,run-16823527592836354,64,16.0,20.0,500.0,True,1.0,120.0,0.7409638554216867,BigFish
441,,Random,0.9,125.0,24.5,,runs,run-16823527592836354,64,16.0,20.0,500.0,True,1.0,120.0,0.5903614457831325,BigFish
541,,Random,0.75,54.75,10.0,,runs,run-16823527592836354,64,16.0,20.0,500.0,True,1.0,120.0,0.24096385542168675,BigFish
442,,Random,0.9,125.0,24.25,,runs,run-16823527592836354,64,16.0,20.0,500.0,True,1.0,120.0,0.5843373493975904,BigFish
455,,Random,0.9,125.0,25.5,,runs,run-16823527592836354,64,16.0,20.0,500.0,True,1.0,120.0,0.6144578313253012,BigFish
447,,Random,0.9,125.0,22.0,,runs,run-16823527592836354,64,16.0,20.0,500.0,True,1.0,120.0,0.5301204819277109,BigFish
457,,Random,0.9,88.25,15.5,,runs,run-16823527592836354,64,16.0,20.0,500.0,True,1.0,120.0,0.37349397590361444,BigFish
456,,Random,0.9,125.0,27.5,,runs,run-16823527592836354,64,16.0,20.0,500.0,True,1.0,120.0,0.6626506024096386,BigFish
464,,Random,0.25,49.0,11.0,,runs,run-16823527592836354,64,16.0,20.0,500.0,True,1.0,120.0,0.26506024096385544,BigFish
465,,Random,0.25,107.75,17.25,,runs,run-16823527592836354,64,16.0,20.0,500.0,True,1.0,120.0,0.41566265060240964,BigFish
463,,Random,0.9,125.0,31.75,,runs,run-16823527592836354,64,16.0,20.0,500.0,True,1.0,120.0,0.7650602409638554,BigFish
462,,Random,0.9,125.0,26.25,,runs,run-16823527592836354,64,16.0,20.0,500.0,True,1.0,120.0,0.6325301204819277,BigFish
460,,Random,0.9,125.0,26.5,,runs,run-16823527592836354,64,16.0,20.0,500.0,True,1.0,120.0,0.6385542168674698,BigFish
459,,Random,0.9,125.0,29.0,,runs,run-16823527592836354,64,16.0,20.0,500.0,True,1.0,120.0,0.6987951807228916,BigFish
461,,Random,0.9,125.0,24.0,,runs,run-16823527592836354,64,16.0,20.0,500.0,True,1.0,120.0,0.5783132530120482,BigFish
466,,Random,0.25,125.0,25.25,,runs,run-16823527592836354,64,16.0,20.0,500.0,True,1.0,120.0,0.608433734939759,BigFish
467,,Random,0.25,125.0,27.0,,runs,run-16823527592836354,64,16.0,20.0,500.0,True,1.0,120.0,0.6506024096385542,BigFish
468,,Random,0.25,125.0,24.0,,runs,run-16823527592836354,64,16.0,20.0,500.0,True,1.0,120.0,0.5783132530120482,BigFish
469,,Random,0.25,125.0,17.5,,runs,run-16823527592836354,64,16.0,20.0,500.0,True,1.0,120.0,0.42168674698795183,BigFish
470,,Random,0.25,125.0,26.5,,runs,run-16823527592836354,64,16.0,20.0,500.0,True,1.0,120.0,0.6385542168674698,BigFish
471,,Random,0.25,125.0,25.25,,runs,run-16823527592836354,64,16.0,20.0,500.0,True,1.0,120.0,0.608433734939759,BigFish
472,,Random,0.25,8.5,1.25,,runs,run-16823527592836354,64,16.0,20.0,500.0,True,1.0,120.0,0.030120481927710843,BigFish
458,,Random,0.9,94.5,21.5,,runs,run-16823527592836354,64,16.0,20.0,500.0,True,1.0,120.0,0.5180722891566265,BigFish
0,,$A^*$,0.25,7.25,0.0,,runs,run-16823527592836354,64,16.0,20.0,500.0,True,1.0,120.0,0.0,BigFish
538,,$A^*$,0.75,125.0,31.5,,runs,run-16823527592836354,64,16.0,20.0,500.0,True,1.0,120.0,0.7590361445783133,BigFish
424,,$A^*$,0.9,125.0,31.5,,runs,run-16823527592836354,64,16.0,20.0,500.0,True,1.0,120.0,0.7590361445783133,BigFish
425,,$A^*$,0.9,125.0,27.0,,runs,run-16823527592836354,64,16.0,20.0,500.0,True,1.0,120.0,0.6506024096385542,BigFish
426,,$A^*$,0.9,125.0,31.0,,runs,run-16823527592836354,64,16.0,20.0,500.0,True,1.0,120.0,0.7469879518072289,BigFish
427,,$A^*$,0.9,125.0,19.5,,runs,run-16823527592836354,64,16.0,20.0,500.0,True,1.0,120.0,0.46987951807228917,BigFish
428,,$A^*$,0.9,125.0,30.75,,runs,run-16823527592836354,64,16.0,20.0,500.0,True,1.0,120.0,0.7409638554216867,BigFish
429,,$A^*$,0.9,125.0,32.75,,runs,run-16823527592836354,64,16.0,20.0,500.0,True,1.0,120.0,0.7891566265060241,BigFish
430,,$A^*$,0.9,125.0,30.0,,runs,run-16823527592836354,64,16.0,20.0,500.0,True,1.0,120.0,0.7228915662650602,BigFish
431,,$A^*$,0.9,125.0,25.25,,runs,run-16823527592836354,64,16.0,20.0,500.0,True,1.0,120.0,0.608433734939759,BigFish
423,,$A^*$,0.9,125.0,31.75,,runs,run-16823527592836354,64,16.0,20.0,500.0,True,1.0,120.0,0.7650602409638554,BigFish
432,,$A^*$,0.9,125.0,26.0,,runs,run-16823527592836354,64,16.0,20.0,500.0,True,1.0,120.0,0.6265060240963856,BigFish
434,,$A^*$,0.9,125.0,30.5,,runs,run-16823527592836354,64,16.0,20.0,500.0,True,1.0,120.0,0.7349397590361446,BigFish
435,,$A^*$,0.9,125.0,27.5,,runs,run-16823527592836354,64,16.0,20.0,500.0,True,1.0,120.0,0.6626506024096386,BigFish
436,,$A^*$,0.9,125.0,30.0,,runs,run-16823527592836354,64,16.0,20.0,500.0,True,1.0,120.0,0.7228915662650602,BigFish
437,,$A^*$,0.9,125.0,27.75,,runs,run-16823527592836354,64,16.0,20.0,500.0,True,1.0,120.0,0.6686746987951807,BigFish
438,,$A^*$,0.9,125.0,41.25,,runs,run-16823527592836354,64,16.0,20.0,500.0,True,1.0,120.0,0.9939759036144579,BigFish
439,,$A^*$,0.9,125.0,28.25,,runs,run-16823527592836354,64,16.0,20.0,500.0,True,1.0,120.0,0.6807228915662651,BigFish
440,,$A^*$,0.9,125.0,33.75,,runs,run-16823527592836354,64,16.0,20.0,500.0,True,1.0,120.0,0.8132530120481928,BigFish
492,,$A^*$,0.5,125.0,31.5,,runs,run-16823527592836354,64,16.0,20.0,500.0,True,1.0,120.0,0.7590361445783133,BigFish
433,,$A^*$,0.9,125.0,22.25,,runs,run-16823527592836354,64,16.0,20.0,500.0,True,1.0,120.0,0.536144578313253,BigFish
422,,$A^*$,0.9,125.0,30.75,,runs,run-16823527592836354,64,16.0,20.0,500.0,True,1.0,120.0,0.7409638554216867,BigFish
421,,$A^*$,0.9,125.0,25.5,,runs,run-16823527592836354,64,16.0,20.0,500.0,True,1.0,120.0,0.6144578313253012,BigFish
420,,$A^*$,0.9,125.0,32.25,,runs,run-16823527592836354,64,16.0,20.0,500.0,True,1.0,120.0,0.7771084337349398,BigFish
539,,$A^*$,0.75,125.0,31.25,,runs,run-16823527592836354,64,16.0,20.0,500.0,True,1.0,120.0,0.7530120481927711,BigFish
1,,$A^*$,0.25,80.5,13.5,,runs,run-16823527592836354,64,16.0,20.0,500.0,True,1.0,120.0,0.3253012048192771,BigFish
2,,$A^*$,0.25,125.0,29.25,,runs,run-16823527592836354,64,16.0,20.0,500.0,True,1.0,120.0,0.7048192771084337,BigFish
3,,$A^*$,0.25,125.0,26.75,,runs,run-16823527592836354,64,16.0,20.0,500.0,True,1.0,120.0,0.6445783132530121,BigFish
4,,$A^*$,0.25,125.0,27.75,,runs,run-16823527592836354,64,16.0,20.0,500.0,True,1.0,120.0,0.6686746987951807,BigFish
5,,$A^*$,0.25,125.0,26.75,,runs,run-16823527592836354,64,16.0,20.0,500.0,True,1.0,120.0,0.6445783132530121,BigFish
6,,$A^*$,0.25,125.0,32.0,,runs,run-16823527592836354,64,16.0,20.0,500.0,True,1.0,120.0,0.7710843373493976,BigFish
7,,$A^*$,0.25,125.0,21.5,,runs,run-16823527592836354,64,16.0,20.0,500.0,True,1.0,120.0,0.5180722891566265,BigFish
8,,$A^*$,0.25,125.0,31.5,,runs,run-16823527592836354,64,16.0,20.0,500.0,True,1.0,120.0,0.7590361445783133,BigFish
10,,$A^*$,0.25,125.0,25.25,,runs,run-16823527592836354,64,16.0,20.0,500.0,True,1.0,120.0,0.608433734939759,BigFish
11,,$A^*$,0.25,125.0,27.25,,runs,run-16823527592836354,64,16.0,20.0,500.0,True,1.0,120.0,0.6566265060240963,BigFish
12,,$A^*$,0.25,125.0,25.25,,runs,run-16823527592836354,64,16.0,20.0,500.0,True,1.0,120.0,0.608433734939759,BigFish
13,,$A^*$,0.25,125.0,26.0,,runs,run-16823527592836354,64,16.0,20.0,500.0,True,1.0,120.0,0.6265060240963856,BigFish
14,,$A^*$,0.25,125.0,24.5,,runs,run-16823527592836354,64,16.0,20.0,500.0,True,1.0,120.0,0.5903614457831325,BigFish
15,,$A^*$,0.25,125.0,23.5,,runs,run-16823527592836354,64,16.0,20.0,500.0,True,1.0,120.0,0.5662650602409639,BigFish
16,,$A^*$,0.25,125.0,24.5,,runs,run-16823527592836354,64,16.0,20.0,500.0,True,1.0,120.0,0.5903614457831325,BigFish
417,,$A^*$,0.9,125.0,32.0,,runs,run-16823527592836354,64,16.0,20.0,500.0,True,1.0,120.0,0.7710843373493976,BigFish
418,,$A^*$,0.9,125.0,25.75,,runs,run-16823527592836354,64,16.0,20.0,500.0,True,1.0,120.0,0.6204819277108434,BigFish
419,,$A^*$,0.9,125.0,26.25,,runs,run-16823527592836354,64,16.0,20.0,500.0,True,1.0,120.0,0.6325301204819277,BigFish
493,,$A^*$,0.5,125.0,24.0,,runs,run-16823527592836354,64,16.0,20.0,500.0,True,1.0,120.0,0.5783132530120482,BigFish
494,,$A^*$,0.5,125.0,30.0,,runs,run-16823527592836354,64,16.0,20.0,500.0,True,1.0,120.0,0.7228915662650602,BigFish
9,,$A^*$,0.25,125.0,28.0,,runs,run-16823527592836354,64,16.0,20.0,500.0,True,1.0,120.0,0.6746987951807228,BigFish
496,,$A^*$,0.5,125.0,32.0,,runs,run-16823527592836354,64,16.0,20.0,500.0,True,1.0,120.0,0.7710843373493976,BigFish
520,,$A^*$,0.75,125.0,31.0,,runs,run-16823527592836354,64,16.0,20.0,500.0,True,1.0,120.0,0.7469879518072289,BigFish
521,,$A^*$,0.75,125.0,34.0,,runs,run-16823527592836354,64,16.0,20.0,500.0,True,1.0,120.0,0.8192771084337349,BigFish
522,,$A^*$,0.75,125.0,31.5,,runs,run-16823527592836354,64,16.0,20.0,500.0,True,1.0,120.0,0.7590361445783133,BigFish
523,,$A^*$,0.75,125.0,30.0,,runs,run-16823527592836354,64,16.0,20.0,500.0,True,1.0,120.0,0.7228915662650602,BigFish
524,,$A^*$,0.75,40.75,10.25,,runs,run-16823527592836354,64,16.0,20.0,500.0,True,1.0,120.0,0.2469879518072289,BigFish
525,,$A^*$,0.75,125.0,26.5,,runs,run-16823527592836354,64,16.0,20.0,500.0,True,1.0,120.0,0.6385542168674698,BigFish
526,,$A^*$,0.75,125.0,26.25,,runs,run-16823527592836354,64,16.0,20.0,500.0,True,1.0,120.0,0.6325301204819277,BigFish
527,,$A^*$,0.75,125.0,24.5,,runs,run-16823527592836354,64,16.0,20.0,500.0,True,1.0,120.0,0.5903614457831325,BigFish
519,,$A^*$,0.75,125.0,26.0,,runs,run-16823527592836354,64,16.0,20.0,500.0,True,1.0,120.0,0.6265060240963856,BigFish
528,,$A^*$,0.75,125.0,26.75,,runs,run-16823527592836354,64,16.0,20.0,500.0,True,1.0,120.0,0.6445783132530121,BigFish
530,,$A^*$,0.75,125.0,23.5,,runs,run-16823527592836354,64,16.0,20.0,500.0,True,1.0,120.0,0.5662650602409639,BigFish
531,,$A^*$,0.75,125.0,31.25,,runs,run-16823527592836354,64,16.0,20.0,500.0,True,1.0,120.0,0.7530120481927711,BigFish
533,,$A^*$,0.75,125.0,31.5,,runs,run-16823527592836354,64,16.0,20.0,500.0,True,1.0,120.0,0.7590361445783133,BigFish
534,,$A^*$,0.75,125.0,26.75,,runs,run-16823527592836354,64,16.0,20.0,500.0,True,1.0,120.0,0.6445783132530121,BigFish
535,,$A^*$,0.75,125.0,31.5,,runs,run-16823527592836354,64,16.0,20.0,500.0,True,1.0,120.0,0.7590361445783133,BigFish
536,,$A^*$,0.75,125.0,25.25,,runs,run-16823527592836354,64,16.0,20.0,500.0,True,1.0,120.0,0.608433734939759,BigFish
495,,$A^*$,0.5,125.0,20.5,,runs,run-16823527592836354,64,16.0,20.0,500.0,True,1.0,120.0,0.4939759036144578,BigFish
537,,$A^*$,0.75,125.0,27.5,,runs,run-16823527592836354,64,16.0,20.0,500.0,True,1.0,120.0,0.6626506024096386,BigFish
529,,$A^*$,0.75,125.0,27.25,,runs,run-16823527592836354,64,16.0,20.0,500.0,True,1.0,120.0,0.6566265060240963,BigFish
518,,$A^*$,0.75,125.0,30.25,,runs,run-16823527592836354,64,16.0,20.0,500.0,True,1.0,120.0,0.7289156626506024,BigFish
532,,$A^*$,0.75,125.0,31.5,,runs,run-16823527592836354,64,16.0,20.0,500.0,True,1.0,120.0,0.7590361445783133,BigFish
516,,$A^*$,0.75,125.0,31.0,,runs,run-16823527592836354,64,16.0,20.0,500.0,True,1.0,120.0,0.7469879518072289,BigFish
517,,$A^*$,0.75,125.0,32.75,,runs,run-16823527592836354,64,16.0,20.0,500.0,True,1.0,120.0,0.7891566265060241,BigFish
497,,$A^*$,0.5,125.0,24.25,,runs,run-16823527592836354,64,16.0,20.0,500.0,True,1.0,120.0,0.5843373493975904,BigFish
499,,$A^*$,0.5,125.0,24.25,,runs,run-16823527592836354,64,16.0,20.0,500.0,True,1.0,120.0,0.5843373493975904,BigFish
500,,$A^*$,0.5,125.0,24.0,,runs,run-16823527592836354,64,16.0,20.0,500.0,True,1.0,120.0,0.5783132530120482,BigFish
498,,$A^*$,0.5,125.0,24.75,,runs,run-16823527592836354,64,16.0,20.0,500.0,True,1.0,120.0,0.5963855421686747,BigFish
502,,$A^*$,0.5,125.0,23.5,,runs,run-16823527592836354,64,16.0,20.0,500.0,True,1.0,120.0,0.5662650602409639,BigFish
503,,$A^*$,0.5,125.0,27.25,,runs,run-16823527592836354,64,16.0,20.0,500.0,True,1.0,120.0,0.6566265060240963,BigFish
504,,$A^*$,0.5,125.0,24.5,,runs,run-16823527592836354,64,16.0,20.0,500.0,True,1.0,120.0,0.5903614457831325,BigFish
505,,$A^*$,0.5,125.0,23.5,,runs,run-16823527592836354,64,16.0,20.0,500.0,True,1.0,120.0,0.5662650602409639,BigFish
506,,$A^*$,0.5,125.0,24.5,,runs,run-16823527592836354,64,16.0,20.0,500.0,True,1.0,120.0,0.5903614457831325,BigFish
501,,$A^*$,0.5,125.0,25.0,,runs,run-16823527592836354,64,16.0,20.0,500.0,True,1.0,120.0,0.6024096385542169,BigFish
508,,$A^*$,0.5,53.75,10.25,,runs,run-16823527592836354,64,16.0,20.0,500.0,True,1.0,120.0,0.2469879518072289,BigFish
509,,$A^*$,0.5,125.0,30.25,,runs,run-16823527592836354,64,16.0,20.0,500.0,True,1.0,120.0,0.7289156626506024,BigFish
510,,$A^*$,0.5,125.0,30.25,,runs,run-16823527592836354,64,16.0,20.0,500.0,True,1.0,120.0,0.7289156626506024,BigFish
511,,$A^*$,0.5,125.0,32.5,,runs,run-16823527592836354,64,16.0,20.0,500.0,True,1.0,120.0,0.7831325301204819,BigFish
512,,$A^*$,0.5,125.0,23.0,,runs,run-16823527592836354,64,16.0,20.0,500.0,True,1.0,120.0,0.5542168674698795,BigFish
513,,$A^*$,0.5,125.0,25.0,,runs,run-16823527592836354,64,16.0,20.0,500.0,True,1.0,120.0,0.6024096385542169,BigFish
514,,$A^*$,0.5,125.0,26.0,,runs,run-16823527592836354,64,16.0,20.0,500.0,True,1.0,120.0,0.6265060240963856,BigFish
507,,$A^*$,0.5,125.0,21.75,,runs,run-16823527592836354,64,16.0,20.0,500.0,True,1.0,120.0,0.5240963855421686,BigFish
515,,$A^*$,0.5,125.0,33.5,,runs,run-16823527592836354,64,16.0,20.0,500.0,True,1.0,120.0,0.8072289156626506,BigFish
11,guher2s1/devoted-frost-278,RLTS,0.75,67.75,11.75,,,,64,,,,,,,0.28313253012048195,BigFish
13,b97i4qmt/copper-leaf-273,RLTS,0.9,125.0,31.25,,,,64,,,,,,,0.7530120481927711,BigFish
14,b97i4qmt/copper-leaf-273,RLTS,0.9,125.0,24.5,,,,64,,,,,,,0.5903614457831325,BigFish
0,guher2s1/devoted-frost-278,RLTS,0.75,125.0,31.5,,,,64,,,,,,,0.7590361445783133,BigFish
1,guher2s1/devoted-frost-278,RLTS,0.75,125.0,28.25,,,,64,,,,,,,0.6807228915662651,BigFish
2,guher2s1/devoted-frost-278,RLTS,0.75,125.0,34.25,,,,64,,,,,,,0.8253012048192772,BigFish
3,guher2s1/devoted-frost-278,RLTS,0.75,125.0,30.25,,,,64,,,,,,,0.7289156626506024,BigFish
7,guher2s1/devoted-frost-278,RLTS,0.75,125.0,37.0,,,,64,,,,,,,0.891566265060241,BigFish
5,guher2s1/devoted-frost-278,RLTS,0.75,125.0,27.25,,,,64,,,,,,,0.6566265060240963,BigFish
6,guher2s1/devoted-frost-278,RLTS,0.75,125.0,23.5,,,,64,,,,,,,0.5662650602409639,BigFish
8,guher2s1/devoted-frost-278,RLTS,0.75,100.5,20.5,,,,64,,,,,,,0.4939759036144578,BigFish
9,guher2s1/devoted-frost-278,RLTS,0.75,125.0,31.25,,,,64,,,,,,,0.7530120481927711,BigFish
12,guher2s1/devoted-frost-278,RLTS,0.75,125.0,24.5,,,,64,,,,,,,0.5903614457831325,BigFish
10,guher2s1/devoted-frost-278,RLTS,0.75,125.0,31.25,,,,64,,,,,,,0.7530120481927711,BigFish
4,guher2s1/devoted-frost-278,RLTS,0.75,125.0,27.75,,,,64,,,,,,,0.6686746987951807,BigFish
12,b97i4qmt/copper-leaf-273,RLTS,0.9,125.0,25.5,,,,64,,,,,,,0.6144578313253012,BigFish
3,b97i4qmt/copper-leaf-273,RLTS,0.9,125.0,26.0,,,,64,,,,,,,0.6265060240963856,BigFish
10,b97i4qmt/copper-leaf-273,RLTS,0.9,125.0,27.75,,,,64,,,,,,,0.6686746987951807,BigFish
15,b97i4qmt/copper-leaf-273,RLTS,0.9,125.0,31.25,,,,64,,,,,,,0.7530120481927711,BigFish
16,b97i4qmt/copper-leaf-273,RLTS,0.9,125.0,35.0,,,,64,,,,,,,0.8433734939759037,BigFish
13,guher2s1/devoted-frost-278,RLTS,0.75,60.75,10.5,,,,64,,,,,,,0.25301204819277107,BigFish
17,b97i4qmt/copper-leaf-273,RLTS,0.9,125.0,26.75,,,,64,,,,,,,0.6445783132530121,BigFish
18,b97i4qmt/copper-leaf-273,RLTS,0.9,125.0,26.25,,,,64,,,,,,,0.6325301204819277,BigFish
19,b97i4qmt/copper-leaf-273,RLTS,0.9,125.0,31.25,,,,64,,,,,,,0.7530120481927711,BigFish
0,b97i4qmt/copper-leaf-273,RLTS,0.9,125.0,26.5,,,,64,,,,,,,0.6385542168674698,BigFish
1,b97i4qmt/copper-leaf-273,RLTS,0.9,125.0,34.0,,,,64,,,,,,,0.8192771084337349,BigFish
2,b97i4qmt/copper-leaf-273,RLTS,0.9,125.0,40.5,,,,64,,,,,,,0.9759036144578314,BigFish
4,b97i4qmt/copper-leaf-273,RLTS,0.9,125.0,34.5,,,,64,,,,,,,0.8313253012048193,BigFish
5,b97i4qmt/copper-leaf-273,RLTS,0.9,66.25,12.0,,,,64,,,,,,,0.2891566265060241,BigFish
6,b97i4qmt/copper-leaf-273,RLTS,0.9,125.0,33.75,,,,64,,,,,,,0.8132530120481928,BigFish
7,b97i4qmt/copper-leaf-273,RLTS,0.9,125.0,40.25,,,,64,,,,,,,0.9698795180722891,BigFish
8,b97i4qmt/copper-leaf-273,RLTS,0.9,125.0,26.5,,,,64,,,,,,,0.6385542168674698,BigFish
9,b97i4qmt/copper-leaf-273,RLTS,0.9,125.0,26.75,,,,64,,,,,,,0.6445783132530121,BigFish
11,b97i4qmt/copper-leaf-273,RLTS,0.9,125.0,37.0,,,,64,,,,,,,0.891566265060241,BigFish
14,guher2s1/devoted-frost-278,RLTS,0.75,125.0,32.25,,,,64,,,,,,,0.7771084337349398,BigFish
16,guher2s1/devoted-frost-278,RLTS,0.75,125.0,27.0,,,,64,,,,,,,0.6506024096385542,BigFish
14,b97i4qmt/copper-leaf-273,RLTS,0.9,125.0,33.0,,,,64,,,,,,,0.7951807228915663,BigFish
17,guher2s1/devoted-frost-278,RLTS,0.75,125.0,33.0,,,,64,,,,,,,0.7951807228915663,BigFish
18,guher2s1/devoted-frost-278,RLTS,0.75,125.0,33.5,,,,64,,,,,,,0.8072289156626506,BigFish
0,guher2s1/devoted-frost-278,RLTS,0.75,125.0,27.75,,,,64,,,,,,,0.6686746987951807,BigFish
1,guher2s1/devoted-frost-278,RLTS,0.75,125.0,24.75,,,,64,,,,,,,0.5963855421686747,BigFish
2,guher2s1/devoted-frost-278,RLTS,0.75,111.5,31.0,,,,64,,,,,,,0.7469879518072289,BigFish
3,guher2s1/devoted-frost-278,RLTS,0.75,125.0,32.0,,,,64,,,,,,,0.7710843373493976,BigFish
4,guher2s1/devoted-frost-278,RLTS,0.75,125.0,31.5,,,,64,,,,,,,0.7590361445783133,BigFish
5,guher2s1/devoted-frost-278,RLTS,0.75,125.0,32.0,,,,64,,,,,,,0.7710843373493976,BigFish
6,guher2s1/devoted-frost-278,RLTS,0.75,125.0,33.5,,,,64,,,,,,,0.8072289156626506,BigFish
7,guher2s1/devoted-frost-278,RLTS,0.75,125.0,33.5,,,,64,,,,,,,0.8072289156626506,BigFish
8,guher2s1/devoted-frost-278,RLTS,0.75,125.0,31.75,,,,64,,,,,,,0.7650602409638554,BigFish
9,guher2s1/devoted-frost-278,RLTS,0.75,125.0,34.25,,,,64,,,,,,,0.8253012048192772,BigFish
10,guher2s1/devoted-frost-278,RLTS,0.75,125.0,25.75,,,,64,,,,,,,0.6204819277108434,BigFish
11,guher2s1/devoted-frost-278,RLTS,0.75,48.75,11.75,,,,64,,,,,,,0.28313253012048195,BigFish
12,guher2s1/devoted-frost-278,RLTS,0.75,125.0,40.5,,,,64,,,,,,,0.9759036144578314,BigFish
15,guher2s1/devoted-frost-278,RLTS,0.75,125.0,25.25,,,,64,,,,,,,0.608433734939759,BigFish
13,b97i4qmt/copper-leaf-273,RLTS,0.9,125.0,32.25,,,,64,,,,,,,0.7771084337349398,BigFish
9,1tg8acvm/rich-hill-269,RLTS,0.5,125.0,31.5,,,,64,,,,,,,0.7590361445783133,BigFish
11,b97i4qmt/copper-leaf-273,RLTS,0.9,125.0,32.0,,,,64,,,,,,,0.7710843373493976,BigFish
18,31cu9qdh/daily-morning-277,RLTS,0.5,125.0,31.75,,,,64,,,,,,,0.7650602409638554,BigFish
19,31cu9qdh/daily-morning-277,RLTS,0.5,125.0,33.75,,,,64,,,,,,,0.8132530120481928,BigFish
0,1tg8acvm/rich-hill-269,RLTS,0.5,125.0,30.5,,,,64,,,,,,,0.7349397590361446,BigFish
1,1tg8acvm/rich-hill-269,RLTS,0.5,125.0,26.0,,,,64,,,,,,,0.6265060240963856,BigFish
2,1tg8acvm/rich-hill-269,RLTS,0.5,125.0,31.5,,,,64,,,,,,,0.7590361445783133,BigFish
3,1tg8acvm/rich-hill-269,RLTS,0.5,125.0,26.0,,,,64,,,,,,,0.6265060240963856,BigFish
17,31cu9qdh/daily-morning-277,RLTS,0.5,125.0,30.0,,,,64,,,,,,,0.7228915662650602,BigFish
4,1tg8acvm/rich-hill-269,RLTS,0.5,30.5,10.0,,,,64,,,,,,,0.24096385542168675,BigFish
6,1tg8acvm/rich-hill-269,RLTS,0.5,125.0,31.75,,,,64,,,,,,,0.7650602409638554,BigFish
7,1tg8acvm/rich-hill-269,RLTS,0.5,125.0,31.25,,,,64,,,,,,,0.7530120481927711,BigFish
8,1tg8acvm/rich-hill-269,RLTS,0.5,125.0,31.25,,,,64,,,,,,,0.7530120481927711,BigFish
10,1tg8acvm/rich-hill-269,RLTS,0.5,125.0,22.75,,,,64,,,,,,,0.5481927710843374,BigFish
11,1tg8acvm/rich-hill-269,RLTS,0.5,125.0,31.5,,,,64,,,,,,,0.7590361445783133,BigFish
12,1tg8acvm/rich-hill-269,RLTS,0.5,125.0,30.0,,,,64,,,,,,,0.7228915662650602,BigFish
5,1tg8acvm/rich-hill-269,RLTS,0.5,125.0,32.5,,,,64,,,,,,,0.7831325301204819,BigFish
16,31cu9qdh/daily-morning-277,RLTS,0.5,125.0,30.0,,,,64,,,,,,,0.7228915662650602,BigFish
15,31cu9qdh/daily-morning-277,RLTS,0.5,125.0,33.0,,,,64,,,,,,,0.7951807228915663,BigFish
14,31cu9qdh/daily-morning-277,RLTS,0.5,125.0,32.25,,,,64,,,,,,,0.7771084337349398,BigFish
0,31cu9qdh/daily-morning-277,RLTS,0.5,125.0,31.75,,,,64,,,,,,,0.7650602409638554,BigFish
1,31cu9qdh/daily-morning-277,RLTS,0.5,125.0,32.5,,,,64,,,,,,,0.7831325301204819,BigFish
2,31cu9qdh/daily-morning-277,RLTS,0.5,125.0,35.25,,,,64,,,,,,,0.8493975903614458,BigFish
3,31cu9qdh/daily-morning-277,RLTS,0.5,125.0,30.0,,,,64,,,,,,,0.7228915662650602,BigFish
4,31cu9qdh/daily-morning-277,RLTS,0.5,125.0,34.5,,,,64,,,,,,,0.8313253012048193,BigFish
5,31cu9qdh/daily-morning-277,RLTS,0.5,125.0,31.5,,,,64,,,,,,,0.7590361445783133,BigFish
6,31cu9qdh/daily-morning-277,RLTS,0.5,125.0,26.75,,,,64,,,,,,,0.6445783132530121,BigFish
7,31cu9qdh/daily-morning-277,RLTS,0.5,125.0,32.25,,,,64,,,,,,,0.7771084337349398,BigFish
8,31cu9qdh/daily-morning-277,RLTS,0.5,125.0,27.75,,,,64,,,,,,,0.6686746987951807,BigFish
9,31cu9qdh/daily-morning-277,RLTS,0.5,125.0,33.25,,,,64,,,,,,,0.8012048192771084,BigFish
10,31cu9qdh/daily-morning-277,RLTS,0.5,125.0,24.0,,,,64,,,,,,,0.5783132530120482,BigFish
11,31cu9qdh/daily-morning-277,RLTS,0.5,125.0,30.0,,,,64,,,,,,,0.7228915662650602,BigFish
12,31cu9qdh/daily-morning-277,RLTS,0.5,125.0,30.75,,,,64,,,,,,,0.7409638554216867,BigFish
13,31cu9qdh/daily-morning-277,RLTS,0.5,125.0,27.25,,,,64,,,,,,,0.6566265060240963,BigFish
13,1tg8acvm/rich-hill-269,RLTS,0.5,125.0,34.0,,,,64,,,,,,,0.8192771084337349,BigFish
14,1tg8acvm/rich-hill-269,RLTS,0.5,125.0,28.5,,,,64,,,,,,,0.6867469879518072,BigFish
15,1tg8acvm/rich-hill-269,RLTS,0.5,125.0,41.5,,,,64,,,,,,,1.0,BigFish
16,1tg8acvm/rich-hill-269,RLTS,0.5,125.0,31.0,,,,64,,,,,,,0.7469879518072289,BigFish
16,103df0tj/winter-butterfly-267,RLTS,0.25,125.0,33.0,,,,64,,,,,,,0.7951807228915663,BigFish
17,103df0tj/winter-butterfly-267,RLTS,0.25,125.0,31.25,,,,64,,,,,,,0.7530120481927711,BigFish
18,103df0tj/winter-butterfly-267,RLTS,0.25,106.5,24.0,,,,64,,,,,,,0.5783132530120482,BigFish
19,103df0tj/winter-butterfly-267,RLTS,0.25,125.0,24.5,,,,64,,,,,,,0.5903614457831325,BigFish
0,b97i4qmt/copper-leaf-273,RLTS,0.9,125.0,24.75,,,,64,,,,,,,0.5963855421686747,BigFish
1,b97i4qmt/copper-leaf-273,RLTS,0.9,125.0,32.75,,,,64,,,,,,,0.7891566265060241,BigFish
2,b97i4qmt/copper-leaf-273,RLTS,0.9,125.0,30.75,,,,64,,,,,,,0.7409638554216867,BigFish
3,b97i4qmt/copper-leaf-273,RLTS,0.9,125.0,22.25,,,,64,,,,,,,0.536144578313253,BigFish
4,b97i4qmt/copper-leaf-273,RLTS,0.9,125.0,32.25,,,,64,,,,,,,0.7771084337349398,BigFish
5,b97i4qmt/copper-leaf-273,RLTS,0.9,50.5,10.5,,,,64,,,,,,,0.25301204819277107,BigFish
6,b97i4qmt/copper-leaf-273,RLTS,0.9,125.0,32.5,,,,64,,,,,,,0.7831325301204819,BigFish
7,b97i4qmt/copper-leaf-273,RLTS,0.9,125.0,25.0,,,,64,,,,,,,0.6024096385542169,BigFish
8,b97i4qmt/copper-leaf-273,RLTS,0.9,125.0,25.75,,,,64,,,,,,,0.6204819277108434,BigFish
9,b97i4qmt/copper-leaf-273,RLTS,0.9,125.0,32.5,,,,64,,,,,,,0.7831325301204819,BigFish
10,b97i4qmt/copper-leaf-273,RLTS,0.9,125.0,28.75,,,,64,,,,,,,0.6927710843373494,BigFish
15,103df0tj/winter-butterfly-267,RLTS,0.25,125.0,26.0,,,,64,,,,,,,0.6265060240963856,BigFish
12,b97i4qmt/copper-leaf-273,RLTS,0.9,125.0,25.0,,,,64,,,,,,,0.6024096385542169,BigFish
14,103df0tj/winter-butterfly-267,RLTS,0.25,125.0,25.0,,,,64,,,,,,,0.6024096385542169,BigFish
12,103df0tj/winter-butterfly-267,RLTS,0.25,117.75,30.25,,,,64,,,,,,,0.7289156626506024,BigFish
17,1tg8acvm/rich-hill-269,RLTS,0.5,118.75,30.5,,,,64,,,,,,,0.7349397590361446,BigFish
18,1tg8acvm/rich-hill-269,RLTS,0.5,125.0,24.75,,,,64,,,,,,,0.5963855421686747,BigFish
19,1tg8acvm/rich-hill-269,RLTS,0.5,125.0,34.5,,,,64,,,,,,,0.8313253012048193,BigFish
0,103df0tj/winter-butterfly-267,RLTS,0.25,125.0,26.5,,,,64,,,,,,,0.6385542168674698,BigFish
1,103df0tj/winter-butterfly-267,RLTS,0.25,125.0,29.75,,,,64,,,,,,,0.7168674698795181,BigFish
2,103df0tj/winter-butterfly-267,RLTS,0.25,125.0,32.75,,,,64,,,,,,,0.7891566265060241,BigFish
3,103df0tj/winter-butterfly-267,RLTS,0.25,125.0,29.25,,,,64,,,,,,,0.7048192771084337,BigFish
4,103df0tj/winter-butterfly-267,RLTS,0.25,125.0,34.5,,,,64,,,,,,,0.8313253012048193,BigFish
5,103df0tj/winter-butterfly-267,RLTS,0.25,125.0,30.5,,,,64,,,,,,,0.7349397590361446,BigFish
6,103df0tj/winter-butterfly-267,RLTS,0.25,125.0,28.25,,,,64,,,,,,,0.6807228915662651,BigFish
7,103df0tj/winter-butterfly-267,RLTS,0.25,125.0,33.5,,,,64,,,,,,,0.8072289156626506,BigFish
8,103df0tj/winter-butterfly-267,RLTS,0.25,125.0,29.25,,,,64,,,,,,,0.7048192771084337,BigFish
9,103df0tj/winter-butterfly-267,RLTS,0.25,125.0,26.75,,,,64,,,,,,,0.6445783132530121,BigFish
10,103df0tj/winter-butterfly-267,RLTS,0.25,125.0,32.0,,,,64,,,,,,,0.7710843373493976,BigFish
11,103df0tj/winter-butterfly-267,RLTS,0.25,125.0,27.5,,,,64,,,,,,,0.6626506024096386,BigFish
13,103df0tj/winter-butterfly-267,RLTS,0.25,104.5,23.25,,,,64,,,,,,,0.5602409638554217,BigFish
